2026-07-09 08:40:39: [redis] connection failed (non-fatal): Redis is already connecting/connected
2026-07-09 08:48:08: [redis] connection failed (non-fatal): Redis is already connecting/connected
2026-07-09 08:52:27: [auth] No session cookie found in request.
2026-07-09 08:53:58: [auth] No session cookie found in request.
2026-07-09 14:28:16: [auth] No session cookie found in request.
2026-07-09 14:28:19: [auth] No session cookie found in request.
2026-07-10 01:54:41: [auth] No session cookie found in request.
2026-07-10 01:54:41: [auth] No session cookie found in request.
2026-07-10 03:25:24: [auth] No session cookie found in request.
2026-07-10 03:25:24: [auth] No session cookie found in request.
2026-07-10 03:25:54: [auth] No session cookie found in request.
2026-07-10 03:25:55: [auth] No session cookie found in request.
2026-07-10 18:17:40: [auth] No session cookie found in request.
2026-07-10 18:30:27: [auth] No session cookie found in request.
2026-07-10 18:30:27: [auth] No session cookie found in request.
2026-07-10 18:30:34: [auth] No session cookie found in request.
2026-07-10 18:30:34: [auth] No session cookie found in request.
2026-07-10 21:19:09: [auth] No session cookie found in request.
2026-07-10 21:19:10: [auth] No session cookie found in request.
2026-07-10 23:04:48: [auth] No session cookie found in request.
2026-07-10 23:04:49: [auth] No session cookie found in request.
2026-07-11 03:43:13: [auth] No session cookie found in request.
2026-07-11 03:43:13: [auth] No session cookie found in request.
2026-07-11 17:41:29: [auth] No session cookie found in request.
2026-07-12 03:25:55: [auth] No session cookie found in request.
2026-07-12 03:25:55: [auth] No session cookie found in request.
2026-07-12 09:40:32: [auth] No session cookie found in request.
2026-07-13 04:25:10: [auth] No session cookie found in request.
2026-07-13 04:25:10: [auth] No session cookie found in request.
2026-07-13 04:25:40: [auth] No session cookie found in request.
2026-07-13 04:25:41: [auth] No session cookie found in request.
2026-07-13 04:25:41: [auth] No session cookie found in request.
2026-07-13 20:28:05: [redis] connection failed (non-fatal): Redis is already connecting/connected
2026-07-14 00:36:18: [auth] No session cookie found in request.
2026-07-14 00:36:19: [auth] No session cookie found in request.
2026-07-14 00:36:19: [auth] No session cookie found in request.
2026-07-14 00:36:19: [auth] No session cookie found in request.
2026-07-15 04:02:50: [auth] No session cookie found in request.
2026-07-15 04:02:51: [auth] No session cookie found in request.
2026-07-15 04:25:21: [auth] No session cookie found in request.
2026-07-15 04:25:21: [auth] No session cookie found in request.
2026-07-15 15:19:04: [auth] No session cookie found in request.
2026-07-15 15:22:30: [auth] No session cookie found in request.
2026-07-15 15:22:30: [auth] No session cookie found in request.
2026-07-15 17:47:29: [auth] No session cookie found in request.
2026-07-16 03:50:57: [auth] No session cookie found in request.
2026-07-16 03:51:00: [auth] No session cookie found in request.
2026-07-16 03:51:18: [auth] No session cookie found in request.
2026-07-16 03:51:19: [auth] No session cookie found in request.
2026-07-16 03:51:25: [auth] No session cookie found in request.
2026-07-16 03:51:25: [auth] No session cookie found in request.
2026-07-16 05:25:04: [auth] No session cookie found in request.
2026-07-16 05:25:04: [auth] No session cookie found in request.
2026-07-16 17:00:10: [auth] No session cookie found in request.
2026-07-16 17:00:11: [auth] No session cookie found in request.
2026-07-16 17:00:51: [auth] No session cookie found in request.
2026-07-16 17:00:52: [auth] No session cookie found in request.
2026-07-16 17:01:51: [auth] No session cookie found in request.
2026-07-16 17:02:51: [auth] No session cookie found in request.
2026-07-16 17:03:51: [auth] No session cookie found in request.
2026-07-16 17:04:51: [auth] No session cookie found in request.
2026-07-16 17:05:51: [auth] No session cookie found in request.
2026-07-16 17:06:51: [auth] No session cookie found in request.
2026-07-16 17:07:30: [auth] No session cookie found in request.
2026-07-16 17:07:37: [auth] No session cookie found in request.
2026-07-16 17:07:38: [auth] No session cookie found in request.
2026-07-16 17:08:37: [auth] No session cookie found in request.
2026-07-16 17:09:37: [auth] No session cookie found in request.
2026-07-16 17:10:37: [auth] No session cookie found in request.
2026-07-16 17:11:37: [auth] No session cookie found in request.
2026-07-16 17:12:37: [auth] No session cookie found in request.
2026-07-16 17:13:37: [auth] No session cookie found in request.
2026-07-16 17:15:32: [auth] No session cookie found in request.
2026-07-16 17:16:32: [auth] No session cookie found in request.
2026-07-16 17:16:59: [auth] No session cookie found in request.
2026-07-16 17:17:32: [auth] No session cookie found in request.
2026-07-16 17:18:32: [auth] No session cookie found in request.
2026-07-16 17:19:32: [auth] No session cookie found in request.
2026-07-16 17:20:32: [auth] No session cookie found in request.
2026-07-16 17:21:00: [auth] No session cookie found in request.
2026-07-16 17:21:00: [auth] No session cookie found in request.
2026-07-16 17:21:35: [auth] No session cookie found in request.
2026-07-16 17:21:37: [auth] No session cookie found in request.
2026-07-16 17:23:32: [auth] No session cookie found in request.
2026-07-16 17:24:32: [auth] No session cookie found in request.
2026-07-16 17:25:32: [auth] No session cookie found in request.
2026-07-16 17:26:32: [auth] No session cookie found in request.
2026-07-16 17:27:32: [auth] No session cookie found in request.
2026-07-16 17:28:22: [auth] No session cookie found in request.
2026-07-16 17:28:23: [auth] No session cookie found in request.
2026-07-16 17:28:30: [auth] No session cookie found in request.
2026-07-16 17:28:31: [auth] No session cookie found in request.
2026-07-16 17:28:53: [auth] No session cookie found in request.
2026-07-16 17:28:54: [auth] No session cookie found in request.
2026-07-16 17:29:31: [auth] No session cookie found in request.
2026-07-16 17:29:53: [auth] No session cookie found in request.
2026-07-16 17:30:31: [auth] No session cookie found in request.
2026-07-16 17:30:53: [auth] No session cookie found in request.
2026-07-16 17:31:31: [auth] No session cookie found in request.
2026-07-16 17:31:53: [auth] No session cookie found in request.
2026-07-16 17:32:31: [auth] No session cookie found in request.
2026-07-16 17:32:53: [auth] No session cookie found in request.
2026-07-16 17:33:31: [auth] No session cookie found in request.
2026-07-16 17:33:53: [auth] No session cookie found in request.
2026-07-16 17:34:31: [auth] No session cookie found in request.
2026-07-16 17:34:53: [auth] No session cookie found in request.
2026-07-16 17:35:32: [auth] No session cookie found in request.
2026-07-16 17:36:27: [auth] No session cookie found in request.
2026-07-16 17:36:32: [auth] No session cookie found in request.
2026-07-16 17:37:28: [auth] No session cookie found in request.
2026-07-16 17:37:32: [auth] No session cookie found in request.
2026-07-16 17:38:29: [auth] No session cookie found in request.
2026-07-16 17:38:32: [auth] No session cookie found in request.
2026-07-16 17:39:30: [auth] No session cookie found in request.
2026-07-16 17:39:32: [auth] No session cookie found in request.
2026-07-16 17:40:31: [auth] No session cookie found in request.
2026-07-16 17:40:32: [auth] No session cookie found in request.
2026-07-16 17:41:32: [auth] No session cookie found in request.
2026-07-16 17:41:32: [auth] No session cookie found in request.
2026-07-16 17:42:32: [auth] No session cookie found in request.
2026-07-16 17:42:32: [auth] No session cookie found in request.
2026-07-16 17:48:42: [auth] No session cookie found in request.
2026-07-16 17:48:43: [auth] No session cookie found in request.
2026-07-16 17:49:32: [auth] No session cookie found in request.
2026-07-16 17:49:32: [auth] No session cookie found in request.
2026-07-16 17:50:32: [auth] No session cookie found in request.
2026-07-16 17:50:32: [auth] No session cookie found in request.
2026-07-16 17:51:32: [auth] No session cookie found in request.
2026-07-16 17:51:32: [auth] No session cookie found in request.
2026-07-16 17:52:32: [auth] No session cookie found in request.
2026-07-16 17:52:32: [auth] No session cookie found in request.
2026-07-16 17:57:37: [auth] No session cookie found in request.
2026-07-16 17:57:38: [auth] No session cookie found in request.
2026-07-16 18:05:20: [auth] No session cookie found in request.
2026-07-16 18:05:21: [auth] No session cookie found in request.
2026-07-16 18:05:26: [auth] No session cookie found in request.
2026-07-16 18:05:26: [auth] No session cookie found in request.
2026-07-17 11:04:59: [auth] No session cookie found in request.
2026-07-17 11:04:59: [auth] No session cookie found in request.
2026-07-18 01:04:56: [auth] No session cookie found in request.
2026-07-18 01:04:56: [auth] No session cookie found in request.
2026-07-18 05:25:27: [auth] No session cookie found in request.
2026-07-18 05:25:27: [auth] No session cookie found in request.
2026-07-18 07:41:34: [auth] No session cookie found in request.
2026-07-18 07:41:34: [auth] No session cookie found in request.
2026-07-18 07:41:46: [auth] No session cookie found in request.
2026-07-18 07:41:46: [auth] No session cookie found in request.
2026-07-18 11:40:02: [auth] No session cookie found in request.
2026-07-18 11:40:08: [auth] No session cookie found in request.
2026-07-18 12:26:08: [auth] No session cookie found in request.
2026-07-18 12:26:14: [auth] No session cookie found in request.
2026-07-18 12:30:04: [auth] No session cookie found in request.
2026-07-18 12:30:11: [auth] No session cookie found in request.
2026-07-19 06:24:53: [auth] No session cookie found in request.
2026-07-19 06:24:54: [auth] No session cookie found in request.
2026-07-19 11:34:58: [auth] No session cookie found in request.
2026-07-19 11:35:03: [auth] No session cookie found in request.
2026-07-19 12:49:56: [auth] No session cookie found in request.
2026-07-19 12:49:59: [auth] No session cookie found in request.
2026-07-20 11:07:03: [auth] No session cookie found in request.
2026-07-20 11:07:04: [auth] No session cookie found in request.
2026-07-20 22:34:30: [auth] No session cookie found in request.
2026-07-20 22:34:41: [auth] No session cookie found in request.
2026-07-21 00:19:18: [auth] No session cookie found in request.
2026-07-21 00:19:20: [auth] No session cookie found in request.
2026-07-21 00:19:22: [auth] No session cookie found in request.
2026-07-21 00:19:39: [auth] No session cookie found in request.
2026-07-21 02:26:29: [auth] No session cookie found in request.
2026-07-21 02:26:30: [auth] No session cookie found in request.
2026-07-21 02:44:05: [auth] No session cookie found in request.
2026-07-21 02:44:06: [auth] No session cookie found in request.
2026-07-21 02:44:10: [auth] No session cookie found in request.
2026-07-21 02:44:13: [auth] No session cookie found in request.
2026-07-21 03:25:05: [auth] No session cookie found in request.
2026-07-21 03:25:17: [auth] No session cookie found in request.
2026-07-21 06:24:47: [auth] No session cookie found in request.
2026-07-21 06:24:47: [auth] No session cookie found in request.
2026-07-21 08:14:04: [auth] No session cookie found in request.
2026-07-21 08:14:04: [auth] No session cookie found in request.
2026-07-21 08:14:06: [auth] No session cookie found in request.
2026-07-21 08:14:19: [auth] No session cookie found in request.
2026-07-21 12:16:29: [auth] No session cookie found in request.
2026-07-21 12:16:30: [auth] No session cookie found in request.
2026-07-21 12:16:40: [auth] No session cookie found in request.
2026-07-21 12:16:41: [auth] No session cookie found in request.
2026-07-21 14:23:07: [auth] No session cookie found in request.
2026-07-21 14:23:11: [auth] No session cookie found in request.
2026-07-21 14:29:19: [auth] No session cookie found in request.
2026-07-21 14:29:21: [auth] No session cookie found in request.
2026-07-23 06:24:48: [auth] No session cookie found in request.
2026-07-23 06:24:48: [auth] No session cookie found in request.
2026-07-23 06:25:18: [auth] No session cookie found in request.
2026-07-23 06:25:18: [auth] No session cookie found in request.
2026-07-23 06:25:18: [auth] No session cookie found in request.
2026-07-23 06:25:18: [auth] No session cookie found in request.
2026-07-23 17:45:13: [auth] No session cookie found in request.
2026-07-23 17:45:14: [auth] No session cookie found in request.
2026-07-23 17:45:14: [auth] No session cookie found in request.
2026-07-23 17:45:16: [auth] No session cookie found in request.
2026-07-23 17:45:17: [auth] No session cookie found in request.
2026-07-23 17:45:33: [auth] No session cookie found in request.
2026-07-23 17:45:33: [auth] No session cookie found in request.
2026-07-23 17:45:33: [auth] No session cookie found in request.
2026-07-23 17:45:34: [auth] No session cookie found in request.
2026-07-23 17:45:42: [auth] No session cookie found in request.
2026-07-23 17:45:43: [auth] No session cookie found in request.
2026-07-23 19:12:46: [auth] No session cookie found in request.
2026-07-23 19:12:52: [auth] No session cookie found in request.
2026-07-24 03:26:44: [auth] No session cookie found in request.
2026-07-24 03:26:52: [auth] No session cookie found in request.
2026-07-24 09:19:16: [auth] No session cookie found in request.
2026-07-25 13:47:30: [auth] No session cookie found in request.
2026-07-25 13:47:31: [auth] No session cookie found in request.
2026-07-27 04:59:54: [auth] No session cookie found in request.
2026-07-27 04:59:54: [auth] No session cookie found in request.
2026-07-27 04:59:56: [auth] No session cookie found in request.
2026-07-27 04:59:57: [auth] No session cookie found in request.
2026-07-27 05:00:24: [auth] No session cookie found in request.
2026-07-27 05:00:25: [auth] No session cookie found in request.
2026-07-27 05:00:25: [auth] No session cookie found in request.
2026-07-27 05:58:25: [auth] No session cookie found in request.
2026-07-27 05:58:25: [auth] No session cookie found in request.
2026-07-27 06:36:39: [auth] No session cookie found in request.
2026-07-27 06:36:39: [auth] No session cookie found in request.
2026-07-27 11:27:18: [auth] No session cookie found in request.
2026-07-27 11:27:18: [auth] No session cookie found in request.
2026-07-27 22:36:26: [auth] No session cookie found in request.
2026-07-27 22:36:27: [auth] No session cookie found in request.
2026-07-28 04:05:58: [auth] No session cookie found in request.
2026-07-28 06:59:02: AggregateError [ECONNREFUSED]: 
2026-07-28 06:59:02:     at internalConnectMultiple (node:net:1122:18)
2026-07-28 06:59:02:     at afterConnectMultiple (node:net:1689:7) {
2026-07-28 06:59:02:   code: 'ECONNREFUSED',
2026-07-28 06:59:02:   [errors]: [
2026-07-28 06:59:02:     Error: connect ECONNREFUSED ::1:6379
2026-07-28 06:59:02:         at createConnectionError (node:net:1652:14)
2026-07-28 06:59:02:         at afterConnectMultiple (node:net:1682:16) {
2026-07-28 06:59:02:       errno: -111,
2026-07-28 06:59:02:       code: 'ECONNREFUSED',
2026-07-28 06:59:02:       syscall: 'connect',
2026-07-28 06:59:02:       address: '::1',
2026-07-28 06:59:02:       port: 6379
2026-07-28 06:59:02:     },
2026-07-28 06:59:02:     Error: connect ECONNREFUSED 127.0.0.1:6379
2026-07-28 06:59:02:         at createConnectionError (node:net:1652:14)
2026-07-28 06:59:02:         at afterConnectMultiple (node:net:1682:16) {
2026-07-28 06:59:02:       errno: -111,
2026-07-28 06:59:02:       code: 'ECONNREFUSED',
2026-07-28 06:59:02:       syscall: 'connect',
2026-07-28 06:59:02:       address: '127.0.0.1',
2026-07-28 06:59:02:       port: 6379
2026-07-28 06:59:02:     }
2026-07-28 06:59:02:   ]
2026-07-28 06:59:02: }
2026-07-28 06:59:02: [redis] connection error: 
2026-07-28 06:59:02: AggregateError [ECONNREFUSED]: 
2026-07-28 06:59:02:     at internalConnectMultiple (node:net:1122:18)
2026-07-28 06:59:02:     at afterConnectMultiple (node:net:1689:7) {
2026-07-28 06:59:02:   code: 'ECONNREFUSED',
2026-07-28 06:59:02:   [errors]: [
2026-07-28 06:59:02:     Error: connect ECONNREFUSED ::1:6379
2026-07-28 06:59:02:         at createConnectionError (node:net:1652:14)
2026-07-28 06:59:02:         at afterConnectMultiple (node:net:1682:16) {
2026-07-28 06:59:02:       errno: -111,
2026-07-28 06:59:02:       code: 'ECONNREFUSED',
2026-07-28 06:59:02:       syscall: 'connect',
2026-07-28 06:59:02:       address: '::1',
2026-07-28 06:59:02:       port: 6379
2026-07-28 06:59:02:     },
2026-07-28 06:59:02:     Error: connect ECONNREFUSED 127.0.0.1:6379
2026-07-28 06:59:02:         at createConnectionError (node:net:1652:14)
2026-07-28 06:59:02:         at afterConnectMultiple (node:net:1682:16) {
2026-07-28 06:59:02:       errno: -111,
2026-07-28 06:59:02:       code: 'ECONNREFUSED',
2026-07-28 06:59:02:       syscall: 'connect',
2026-07-28 06:59:02:       address: '127.0.0.1',
2026-07-28 06:59:02:       port: 6379
2026-07-28 06:59:02:     }
2026-07-28 06:59:02:   ]
2026-07-28 06:59:02: }
2026-07-28 06:59:02: AggregateError [ECONNREFUSED]: 
2026-07-28 06:59:02:     at internalConnectMultiple (node:net:1122:18)
2026-07-28 06:59:02:     at afterConnectMultiple (node:net:1689:7) {
2026-07-28 06:59:02:   code: 'ECONNREFUSED',
2026-07-28 06:59:02:   [errors]: [
2026-07-28 06:59:02:     Error: connect ECONNREFUSED ::1:6379
2026-07-28 06:59:02:         at createConnectionError (node:net:1652:14)
2026-07-28 06:59:02:         at afterConnectMultiple (node:net:1682:16) {
2026-07-28 06:59:02:       errno: -111,
2026-07-28 06:59:02:       code: 'ECONNREFUSED',
2026-07-28 06:59:02:       syscall: 'connect',
2026-07-28 06:59:02:       address: '::1',
2026-07-28 06:59:02:       port: 6379
2026-07-28 06:59:02:     },
2026-07-28 06:59:02:     Error: connect ECONNREFUSED 127.0.0.1:6379
2026-07-28 06:59:02:         at createConnectionError (node:net:1652:14)
2026-07-28 06:59:02:         at afterConnectMultiple (node:net:1682:16) {
2026-07-28 06:59:02:       errno: -111,
2026-07-28 06:59:02:       code: 'ECONNREFUSED',
2026-07-28 06:59:02:       syscall: 'connect',
2026-07-28 06:59:02:       address: '127.0.0.1',
2026-07-28 06:59:02:       port: 6379
2026-07-28 06:59:02:     }
2026-07-28 06:59:02:   ]
2026-07-28 06:59:02: }
2026-07-28 06:59:05: [redis] connection failed (non-fatal): Redis is already connecting/connected
2026-07-28 06:59:05: [plan-checker] Error: Failed query: select `id`, `name`, `slug`, `email`, `phone`, `address`, `city`, `country`, `tax_number`, `registration_number`, `logo`, `favicon`, `primary_color`, `secondary_color`, `font`, `timezone`, `currency`, `language`, `date_format`, `plan`, `status`, `trial_ends_at`, `subscription_ends_at`, `white_label_enabled`, `created_at`, `updated_at` from `tenants` where (`tenants`.`status` = ? and `tenants`.`trial_ends_at` >= ? and `tenants`.`trial_ends_at` <= ?)
2026-07-28 06:59:05: params: active,2026-07-28 06:59:05.800,2026-08-11 06:59:05.800
2026-07-28 10:19:09: [auth] No session cookie found in request.
2026-07-28 10:19:09: [auth] No session cookie found in request.
2026-07-28 13:19:29: [auth] No session cookie found in request.
2026-07-28 14:40:34: [auth] No session cookie found in request.
2026-07-28 14:40:34: [auth] No session cookie found in request.
2026-07-29 18:55:17: [session] JWT verification failed: JWSSignatureVerificationFailed: signature verification failed
2026-07-29 18:55:17:     at flattenedVerify (file:///opt/erp/dist/boot.js:2781:11)
2026-07-29 18:55:17:     at async compactVerify (file:///opt/erp/dist/boot.js:2834:20)
2026-07-29 18:55:17:     at async jwtVerify (file:///opt/erp/dist/boot.js:3084:20)
2026-07-29 18:55:17:     at async verifySessionToken (file:///opt/erp/dist/boot.js:3322:25)
2026-07-29 18:55:17:     at async authenticateRequest (file:///opt/erp/dist/boot.js:139508:17)
2026-07-29 18:55:17:     at async Object.createContext (file:///opt/erp/dist/boot.js:139541:16)
2026-07-29 18:55:17:     at async Object.create (file:///opt/erp/dist/boot.js:100000:23)
2026-07-29 18:55:17:     at async resolveResponse (file:///opt/erp/dist/boot.js:100022:5)
2026-07-29 18:55:17:     at async fetchRequestHandler (file:///opt/erp/dist/boot.js:100338:10)
2026-07-29 18:55:17:     at async dispatch (file:///opt/erp/dist/boot.js:96435:17) {
2026-07-29 18:55:17:   code: 'ERR_JWS_SIGNATURE_VERIFICATION_FAILED'
2026-07-29 18:55:17: }
2026-07-29 18:55:18: [session] JWT verification failed: JWSSignatureVerificationFailed: signature verification failed
2026-07-29 18:55:18:     at flattenedVerify (file:///opt/erp/dist/boot.js:2781:11)
2026-07-29 18:55:18:     at async compactVerify (file:///opt/erp/dist/boot.js:2834:20)
2026-07-29 18:55:18:     at async jwtVerify (file:///opt/erp/dist/boot.js:3084:20)
2026-07-29 18:55:18:     at async verifySessionToken (file:///opt/erp/dist/boot.js:3322:25)
2026-07-29 18:55:18:     at async authenticateRequest (file:///opt/erp/dist/boot.js:139508:17)
2026-07-29 18:55:18:     at async Object.createContext (file:///opt/erp/dist/boot.js:139541:16)
2026-07-29 18:55:18:     at async Object.create (file:///opt/erp/dist/boot.js:100000:23)
2026-07-29 18:55:18:     at async resolveResponse (file:///opt/erp/dist/boot.js:100022:5)
2026-07-29 18:55:18:     at async fetchRequestHandler (file:///opt/erp/dist/boot.js:100338:10)
2026-07-29 18:55:18:     at async dispatch (file:///opt/erp/dist/boot.js:96435:17) {
2026-07-29 18:55:18:   code: 'ERR_JWS_SIGNATURE_VERIFICATION_FAILED'
2026-07-29 18:55:18: }
2026-07-29 18:56:09: [session] JWT verification failed: JWSSignatureVerificationFailed: signature verification failed
2026-07-29 18:56:09:     at flattenedVerify (file:///opt/erp/dist/boot.js:2781:11)
2026-07-29 18:56:09:     at async compactVerify (file:///opt/erp/dist/boot.js:2834:20)
2026-07-29 18:56:09:     at async jwtVerify (file:///opt/erp/dist/boot.js:3084:20)
2026-07-29 18:56:09:     at async verifySessionToken (file:///opt/erp/dist/boot.js:3322:25)
2026-07-29 18:56:09:     at async authenticateRequest (file:///opt/erp/dist/boot.js:139508:17)
2026-07-29 18:56:09:     at async Object.createContext (file:///opt/erp/dist/boot.js:139541:16)
2026-07-29 18:56:09:     at async Object.create (file:///opt/erp/dist/boot.js:100000:23)
2026-07-29 18:56:09:     at async resolveResponse (file:///opt/erp/dist/boot.js:100022:5)
2026-07-29 18:56:09:     at async fetchRequestHandler (file:///opt/erp/dist/boot.js:100338:10)
2026-07-29 18:56:09:     at async dispatch (file:///opt/erp/dist/boot.js:96435:17) {
2026-07-29 18:56:09:   code: 'ERR_JWS_SIGNATURE_VERIFICATION_FAILED'
2026-07-29 18:56:09: }
2026-07-29 18:57:08: [session] JWT verification failed: JWSSignatureVerificationFailed: signature verification failed
2026-07-29 18:57:08:     at flattenedVerify (file:///opt/erp/dist/boot.js:2781:11)
2026-07-29 18:57:08:     at async compactVerify (file:///opt/erp/dist/boot.js:2834:20)
2026-07-29 18:57:08:     at async jwtVerify (file:///opt/erp/dist/boot.js:3084:20)
2026-07-29 18:57:08:     at async verifySessionToken (file:///opt/erp/dist/boot.js:3322:25)
2026-07-29 18:57:08:     at async authenticateRequest (file:///opt/erp/dist/boot.js:139508:17)
2026-07-29 18:57:08:     at async Object.createContext (file:///opt/erp/dist/boot.js:139541:16)
2026-07-29 18:57:08:     at async Object.create (file:///opt/erp/dist/boot.js:100000:23)
2026-07-29 18:57:08:     at async resolveResponse (file:///opt/erp/dist/boot.js:100022:5)
2026-07-29 18:57:08:     at async fetchRequestHandler (file:///opt/erp/dist/boot.js:100338:10)
2026-07-29 18:57:08:     at async dispatch (file:///opt/erp/dist/boot.js:96435:17) {
2026-07-29 18:57:08:   code: 'ERR_JWS_SIGNATURE_VERIFICATION_FAILED'
2026-07-29 18:57:08: }
2026-07-29 18:58:08: [session] JWT verification failed: JWSSignatureVerificationFailed: signature verification failed
2026-07-29 18:58:08:     at flattenedVerify (file:///opt/erp/dist/boot.js:2781:11)
2026-07-29 18:58:08:     at async compactVerify (file:///opt/erp/dist/boot.js:2834:20)
2026-07-29 18:58:08:     at async jwtVerify (file:///opt/erp/dist/boot.js:3084:20)
2026-07-29 18:58:08:     at async verifySessionToken (file:///opt/erp/dist/boot.js:3322:25)
2026-07-29 18:58:08:     at async authenticateRequest (file:///opt/erp/dist/boot.js:139508:17)
2026-07-29 18:58:08:     at async Object.createContext (file:///opt/erp/dist/boot.js:139541:16)
2026-07-29 18:58:08:     at async Object.create (file:///opt/erp/dist/boot.js:100000:23)
2026-07-29 18:58:08:     at async resolveResponse (file:///opt/erp/dist/boot.js:100022:5)
2026-07-29 18:58:08:     at async fetchRequestHandler (file:///opt/erp/dist/boot.js:100338:10)
2026-07-29 18:58:08:     at async dispatch (file:///opt/erp/dist/boot.js:96435:17) {
2026-07-29 18:58:08:   code: 'ERR_JWS_SIGNATURE_VERIFICATION_FAILED'
2026-07-29 18:58:08: }
2026-07-29 18:59:08: [session] JWT verification failed: JWSSignatureVerificationFailed: signature verification failed
2026-07-29 18:59:08:     at flattenedVerify (file:///opt/erp/dist/boot.js:2781:11)
2026-07-29 18:59:08:     at async compactVerify (file:///opt/erp/dist/boot.js:2834:20)
2026-07-29 18:59:08:     at async jwtVerify (file:///opt/erp/dist/boot.js:3084:20)
2026-07-29 18:59:08:     at async verifySessionToken (file:///opt/erp/dist/boot.js:3322:25)
2026-07-29 18:59:08:     at async authenticateRequest (file:///opt/erp/dist/boot.js:139508:17)
2026-07-29 18:59:08:     at async Object.createContext (file:///opt/erp/dist/boot.js:139541:16)
2026-07-29 18:59:08:     at async Object.create (file:///opt/erp/dist/boot.js:100000:23)
2026-07-29 18:59:08:     at async resolveResponse (file:///opt/erp/dist/boot.js:100022:5)
2026-07-29 18:59:08:     at async fetchRequestHandler (file:///opt/erp/dist/boot.js:100338:10)
2026-07-29 18:59:08:     at async dispatch (file:///opt/erp/dist/boot.js:96435:17) {
2026-07-29 18:59:08:   code: 'ERR_JWS_SIGNATURE_VERIFICATION_FAILED'
2026-07-29 18:59:08: }
2026-07-29 19:00:09: [session] JWT verification failed: JWSSignatureVerificationFailed: signature verification failed
2026-07-29 19:00:09:     at flattenedVerify (file:///opt/erp/dist/boot.js:2781:11)
2026-07-29 19:00:09:     at async compactVerify (file:///opt/erp/dist/boot.js:2834:20)
2026-07-29 19:00:09:     at async jwtVerify (file:///opt/erp/dist/boot.js:3084:20)
2026-07-29 19:00:09:     at async verifySessionToken (file:///opt/erp/dist/boot.js:3322:25)
2026-07-29 19:00:09:     at async authenticateRequest (file:///opt/erp/dist/boot.js:139508:17)
2026-07-29 19:00:09:     at async Object.createContext (file:///opt/erp/dist/boot.js:139541:16)
2026-07-29 19:00:09:     at async Object.create (file:///opt/erp/dist/boot.js:100000:23)
2026-07-29 19:00:09:     at async resolveResponse (file:///opt/erp/dist/boot.js:100022:5)
2026-07-29 19:00:09:     at async fetchRequestHandler (file:///opt/erp/dist/boot.js:100338:10)
2026-07-29 19:00:09:     at async dispatch (file:///opt/erp/dist/boot.js:96435:17) {
2026-07-29 19:00:09:   code: 'ERR_JWS_SIGNATURE_VERIFICATION_FAILED'
2026-07-29 19:00:09: }
2026-07-29 19:01:09: [session] JWT verification failed: JWSSignatureVerificationFailed: signature verification failed
2026-07-29 19:01:09:     at flattenedVerify (file:///opt/erp/dist/boot.js:2781:11)
2026-07-29 19:01:09:     at async compactVerify (file:///opt/erp/dist/boot.js:2834:20)
2026-07-29 19:01:09:     at async jwtVerify (file:///opt/erp/dist/boot.js:3084:20)
2026-07-29 19:01:09:     at async verifySessionToken (file:///opt/erp/dist/boot.js:3322:25)
2026-07-29 19:01:09:     at async authenticateRequest (file:///opt/erp/dist/boot.js:139508:17)
2026-07-29 19:01:09:     at async Object.createContext (file:///opt/erp/dist/boot.js:139541:16)
2026-07-29 19:01:09:     at async Object.create (file:///opt/erp/dist/boot.js:100000:23)
2026-07-29 19:01:09:     at async resolveResponse (file:///opt/erp/dist/boot.js:100022:5)
2026-07-29 19:01:09:     at async fetchRequestHandler (file:///opt/erp/dist/boot.js:100338:10)
2026-07-29 19:01:09:     at async dispatch (file:///opt/erp/dist/boot.js:96435:17) {
2026-07-29 19:01:09:   code: 'ERR_JWS_SIGNATURE_VERIFICATION_FAILED'
2026-07-29 19:01:09: }
2026-07-29 19:02:22: [session] JWT verification failed: JWSSignatureVerificationFailed: signature verification failed
2026-07-29 19:02:22:     at flattenedVerify (file:///opt/erp/dist/boot.js:2781:11)
2026-07-29 19:02:22:     at async compactVerify (file:///opt/erp/dist/boot.js:2834:20)
2026-07-29 19:02:22:     at async jwtVerify (file:///opt/erp/dist/boot.js:3084:20)
2026-07-29 19:02:22:     at async verifySessionToken (file:///opt/erp/dist/boot.js:3322:25)
2026-07-29 19:02:22:     at async authenticateRequest (file:///opt/erp/dist/boot.js:139508:17)
2026-07-29 19:02:22:     at async Object.createContext (file:///opt/erp/dist/boot.js:139541:16)
2026-07-29 19:02:22:     at async Object.create (file:///opt/erp/dist/boot.js:100000:23)
2026-07-29 19:02:22:     at async resolveResponse (file:///opt/erp/dist/boot.js:100022:5)
2026-07-29 19:02:22:     at async fetchRequestHandler (file:///opt/erp/dist/boot.js:100338:10)
2026-07-29 19:02:22:     at async dispatch (file:///opt/erp/dist/boot.js:96435:17) {
2026-07-29 19:02:22:   code: 'ERR_JWS_SIGNATURE_VERIFICATION_FAILED'
2026-07-29 19:02:22: }
2026-07-29 19:02:59: [session] JWT verification failed: JWSSignatureVerificationFailed: signature verification failed
2026-07-29 19:02:59:     at flattenedVerify (file:///opt/erp/dist/boot.js:2781:11)
2026-07-29 19:02:59:     at async compactVerify (file:///opt/erp/dist/boot.js:2834:20)
2026-07-29 19:02:59:     at async jwtVerify (file:///opt/erp/dist/boot.js:3084:20)
2026-07-29 19:02:59:     at async verifySessionToken (file:///opt/erp/dist/boot.js:3322:25)
2026-07-29 19:02:59:     at async authenticateRequest (file:///opt/erp/dist/boot.js:139508:17)
2026-07-29 19:02:59:     at async Object.createContext (file:///opt/erp/dist/boot.js:139541:16)
2026-07-29 19:02:59:     at async Object.create (file:///opt/erp/dist/boot.js:100000:23)
2026-07-29 19:02:59:     at async resolveResponse (file:///opt/erp/dist/boot.js:100022:5)
2026-07-29 19:02:59:     at async fetchRequestHandler (file:///opt/erp/dist/boot.js:100338:10)
2026-07-29 19:02:59:     at async dispatch (file:///opt/erp/dist/boot.js:96435:17) {
2026-07-29 19:02:59:   code: 'ERR_JWS_SIGNATURE_VERIFICATION_FAILED'
2026-07-29 19:02:59: }
2026-07-29 19:03:09: [session] JWT verification failed: JWSSignatureVerificationFailed: signature verification failed
2026-07-29 19:03:09:     at flattenedVerify (file:///opt/erp/dist/boot.js:2781:11)
2026-07-29 19:03:09:     at async compactVerify (file:///opt/erp/dist/boot.js:2834:20)
2026-07-29 19:03:09:     at async jwtVerify (file:///opt/erp/dist/boot.js:3084:20)
2026-07-29 19:03:09:     at async verifySessionToken (file:///opt/erp/dist/boot.js:3322:25)
2026-07-29 19:03:09:     at async authenticateRequest (file:///opt/erp/dist/boot.js:139508:17)
2026-07-29 19:03:09:     at async Object.createContext (file:///opt/erp/dist/boot.js:139541:16)
2026-07-29 19:03:09:     at async Object.create (file:///opt/erp/dist/boot.js:100000:23)
2026-07-29 19:03:09:     at async resolveResponse (file:///opt/erp/dist/boot.js:100022:5)
2026-07-29 19:03:09:     at async fetchRequestHandler (file:///opt/erp/dist/boot.js:100338:10)
2026-07-29 19:03:09:     at async dispatch (file:///opt/erp/dist/boot.js:96435:17) {
2026-07-29 19:03:09:   code: 'ERR_JWS_SIGNATURE_VERIFICATION_FAILED'
2026-07-29 19:03:09: }
2026-07-29 19:04:22: [session] JWT verification failed: JWSSignatureVerificationFailed: signature verification failed
2026-07-29 19:04:22:     at flattenedVerify (file:///opt/erp/dist/boot.js:2781:11)
2026-07-29 19:04:22:     at async compactVerify (file:///opt/erp/dist/boot.js:2834:20)
2026-07-29 19:04:22:     at async jwtVerify (file:///opt/erp/dist/boot.js:3084:20)
2026-07-29 19:04:22:     at async verifySessionToken (file:///opt/erp/dist/boot.js:3322:25)
2026-07-29 19:04:22:     at async authenticateRequest (file:///opt/erp/dist/boot.js:139508:17)
2026-07-29 19:04:22:     at async Object.createContext (file:///opt/erp/dist/boot.js:139541:16)
2026-07-29 19:04:22:     at async Object.create (file:///opt/erp/dist/boot.js:100000:23)
2026-07-29 19:04:22:     at async resolveResponse (file:///opt/erp/dist/boot.js:100022:5)
2026-07-29 19:04:22:     at async fetchRequestHandler (file:///opt/erp/dist/boot.js:100338:10)
2026-07-29 19:04:22:     at async dispatch (file:///opt/erp/dist/boot.js:96435:17) {
2026-07-29 19:04:22:   code: 'ERR_JWS_SIGNATURE_VERIFICATION_FAILED'
2026-07-29 19:04:22: }
2026-07-29 19:05:21: [session] JWT verification failed: JWSSignatureVerificationFailed: signature verification failed
2026-07-29 19:05:21:     at flattenedVerify (file:///opt/erp/dist/boot.js:2781:11)
2026-07-29 19:05:21:     at async compactVerify (file:///opt/erp/dist/boot.js:2834:20)
2026-07-29 19:05:21:     at async jwtVerify (file:///opt/erp/dist/boot.js:3084:20)
2026-07-29 19:05:21:     at async verifySessionToken (file:///opt/erp/dist/boot.js:3322:25)
2026-07-29 19:05:21:     at async authenticateRequest (file:///opt/erp/dist/boot.js:139508:17)
2026-07-29 19:05:21:     at async Object.createContext (file:///opt/erp/dist/boot.js:139541:16)
2026-07-29 19:05:21:     at async Object.create (file:///opt/erp/dist/boot.js:100000:23)
2026-07-29 19:05:21:     at async resolveResponse (file:///opt/erp/dist/boot.js:100022:5)
2026-07-29 19:05:21:     at async fetchRequestHandler (file:///opt/erp/dist/boot.js:100338:10)
2026-07-29 19:05:21:     at async dispatch (file:///opt/erp/dist/boot.js:96435:17) {
2026-07-29 19:05:21:   code: 'ERR_JWS_SIGNATURE_VERIFICATION_FAILED'
2026-07-29 19:05:21: }
2026-07-29 19:06:23: [session] JWT verification failed: JWSSignatureVerificationFailed: signature verification failed
2026-07-29 19:06:23:     at flattenedVerify (file:///opt/erp/dist/boot.js:2781:11)
2026-07-29 19:06:23:     at async compactVerify (file:///opt/erp/dist/boot.js:2834:20)
2026-07-29 19:06:23:     at async jwtVerify (file:///opt/erp/dist/boot.js:3084:20)
2026-07-29 19:06:23:     at async verifySessionToken (file:///opt/erp/dist/boot.js:3322:25)
2026-07-29 19:06:23:     at async authenticateRequest (file:///opt/erp/dist/boot.js:139508:17)
2026-07-29 19:06:23:     at async Object.createContext (file:///opt/erp/dist/boot.js:139541:16)
2026-07-29 19:06:23:     at async Object.create (file:///opt/erp/dist/boot.js:100000:23)
2026-07-29 19:06:23:     at async resolveResponse (file:///opt/erp/dist/boot.js:100022:5)
2026-07-29 19:06:23:     at async fetchRequestHandler (file:///opt/erp/dist/boot.js:100338:10)
2026-07-29 19:06:23:     at async dispatch (file:///opt/erp/dist/boot.js:96435:17) {
2026-07-29 19:06:23:   code: 'ERR_JWS_SIGNATURE_VERIFICATION_FAILED'
2026-07-29 19:06:23: }
2026-07-29 19:07:24: [session] JWT verification failed: JWSSignatureVerificationFailed: signature verification failed
2026-07-29 19:07:24:     at flattenedVerify (file:///opt/erp/dist/boot.js:2781:11)
2026-07-29 19:07:24:     at async compactVerify (file:///opt/erp/dist/boot.js:2834:20)
2026-07-29 19:07:24:     at async jwtVerify (file:///opt/erp/dist/boot.js:3084:20)
2026-07-29 19:07:24:     at async verifySessionToken (file:///opt/erp/dist/boot.js:3322:25)
2026-07-29 19:07:24:     at async authenticateRequest (file:///opt/erp/dist/boot.js:139508:17)
2026-07-29 19:07:24:     at async Object.createContext (file:///opt/erp/dist/boot.js:139541:16)
2026-07-29 19:07:24:     at async Object.create (file:///opt/erp/dist/boot.js:100000:23)
2026-07-29 19:07:24:     at async resolveResponse (file:///opt/erp/dist/boot.js:100022:5)
2026-07-29 19:07:24:     at async fetchRequestHandler (file:///opt/erp/dist/boot.js:100338:10)
2026-07-29 19:07:24:     at async dispatch (file:///opt/erp/dist/boot.js:96435:17) {
2026-07-29 19:07:24:   code: 'ERR_JWS_SIGNATURE_VERIFICATION_FAILED'
2026-07-29 19:07:24: }
2026-07-29 19:08:22: [session] JWT verification failed: JWSSignatureVerificationFailed: signature verification failed
2026-07-29 19:08:22:     at flattenedVerify (file:///opt/erp/dist/boot.js:2781:11)
2026-07-29 19:08:22:     at async compactVerify (file:///opt/erp/dist/boot.js:2834:20)
2026-07-29 19:08:22:     at async jwtVerify (file:///opt/erp/dist/boot.js:3084:20)
2026-07-29 19:08:22:     at async verifySessionToken (file:///opt/erp/dist/boot.js:3322:25)
2026-07-29 19:08:22:     at async authenticateRequest (file:///opt/erp/dist/boot.js:139508:17)
2026-07-29 19:08:22:     at async Object.createContext (file:///opt/erp/dist/boot.js:139541:16)
2026-07-29 19:08:22:     at async Object.create (file:///opt/erp/dist/boot.js:100000:23)
2026-07-29 19:08:22:     at async resolveResponse (file:///opt/erp/dist/boot.js:100022:5)
2026-07-29 19:08:22:     at async fetchRequestHandler (file:///opt/erp/dist/boot.js:100338:10)
2026-07-29 19:08:22:     at async dispatch (file:///opt/erp/dist/boot.js:96435:17) {
2026-07-29 19:08:22:   code: 'ERR_JWS_SIGNATURE_VERIFICATION_FAILED'
2026-07-29 19:08:22: }
2026-07-29 19:09:24: [session] JWT verification failed: JWSSignatureVerificationFailed: signature verification failed
2026-07-29 19:09:24:     at flattenedVerify (file:///opt/erp/dist/boot.js:2781:11)
2026-07-29 19:09:24:     at async compactVerify (file:///opt/erp/dist/boot.js:2834:20)
2026-07-29 19:09:24:     at async jwtVerify (file:///opt/erp/dist/boot.js:3084:20)
2026-07-29 19:09:24:     at async verifySessionToken (file:///opt/erp/dist/boot.js:3322:25)
2026-07-29 19:09:24:     at async authenticateRequest (file:///opt/erp/dist/boot.js:139508:17)
2026-07-29 19:09:24:     at async Object.createContext (file:///opt/erp/dist/boot.js:139541:16)
2026-07-29 19:09:24:     at async Object.create (file:///opt/erp/dist/boot.js:100000:23)
2026-07-29 19:09:24:     at async resolveResponse (file:///opt/erp/dist/boot.js:100022:5)
2026-07-29 19:09:24:     at async fetchRequestHandler (file:///opt/erp/dist/boot.js:100338:10)
2026-07-29 19:09:24:     at async dispatch (file:///opt/erp/dist/boot.js:96435:17) {
2026-07-29 19:09:24:   code: 'ERR_JWS_SIGNATURE_VERIFICATION_FAILED'
2026-07-29 19:09:24: }
2026-07-29 19:10:22: [session] JWT verification failed: JWSSignatureVerificationFailed: signature verification failed
2026-07-29 19:10:22:     at flattenedVerify (file:///opt/erp/dist/boot.js:2781:11)
2026-07-29 19:10:22:     at async compactVerify (file:///opt/erp/dist/boot.js:2834:20)
2026-07-29 19:10:22:     at async jwtVerify (file:///opt/erp/dist/boot.js:3084:20)
2026-07-29 19:10:22:     at async verifySessionToken (file:///opt/erp/dist/boot.js:3322:25)
2026-07-29 19:10:22:     at async authenticateRequest (file:///opt/erp/dist/boot.js:139508:17)
2026-07-29 19:10:22:     at async Object.createContext (file:///opt/erp/dist/boot.js:139541:16)
2026-07-29 19:10:22:     at async Object.create (file:///opt/erp/dist/boot.js:100000:23)
2026-07-29 19:10:22:     at async resolveResponse (file:///opt/erp/dist/boot.js:100022:5)
2026-07-29 19:10:22:     at async fetchRequestHandler (file:///opt/erp/dist/boot.js:100338:10)
2026-07-29 19:10:22:     at async dispatch (file:///opt/erp/dist/boot.js:96435:17) {
2026-07-29 19:10:22:   code: 'ERR_JWS_SIGNATURE_VERIFICATION_FAILED'
2026-07-29 19:10:22: }
2026-07-29 19:11:23: [session] JWT verification failed: JWSSignatureVerificationFailed: signature verification failed
2026-07-29 19:11:23:     at flattenedVerify (file:///opt/erp/dist/boot.js:2781:11)
2026-07-29 19:11:23:     at async compactVerify (file:///opt/erp/dist/boot.js:2834:20)
2026-07-29 19:11:23:     at async jwtVerify (file:///opt/erp/dist/boot.js:3084:20)
2026-07-29 19:11:23:     at async verifySessionToken (file:///opt/erp/dist/boot.js:3322:25)
2026-07-29 19:11:23:     at async authenticateRequest (file:///opt/erp/dist/boot.js:139508:17)
2026-07-29 19:11:23:     at async Object.createContext (file:///opt/erp/dist/boot.js:139541:16)
2026-07-29 19:11:23:     at async Object.create (file:///opt/erp/dist/boot.js:100000:23)
2026-07-29 19:11:23:     at async resolveResponse (file:///opt/erp/dist/boot.js:100022:5)
2026-07-29 19:11:23:     at async fetchRequestHandler (file:///opt/erp/dist/boot.js:100338:10)
2026-07-29 19:11:23:     at async dispatch (file:///opt/erp/dist/boot.js:96435:17) {
2026-07-29 19:11:23:   code: 'ERR_JWS_SIGNATURE_VERIFICATION_FAILED'
2026-07-29 19:11:23: }
2026-07-29 19:12:16: [session] JWT verification failed: JWSSignatureVerificationFailed: signature verification failed
2026-07-29 19:12:16:     at flattenedVerify (file:///opt/erp/dist/boot.js:2781:11)
2026-07-29 19:12:16:     at async compactVerify (file:///opt/erp/dist/boot.js:2834:20)
2026-07-29 19:12:16:     at async jwtVerify (file:///opt/erp/dist/boot.js:3084:20)
2026-07-29 19:12:16:     at async verifySessionToken (file:///opt/erp/dist/boot.js:3322:25)
2026-07-29 19:12:16:     at async authenticateRequest (file:///opt/erp/dist/boot.js:139508:17)
2026-07-29 19:12:16:     at async Object.createContext (file:///opt/erp/dist/boot.js:139541:16)
2026-07-29 19:12:16:     at async Object.create (file:///opt/erp/dist/boot.js:100000:23)
2026-07-29 19:12:16:     at async resolveResponse (file:///opt/erp/dist/boot.js:100022:5)
2026-07-29 19:12:16:     at async fetchRequestHandler (file:///opt/erp/dist/boot.js:100338:10)
2026-07-29 19:12:16:     at async dispatch (file:///opt/erp/dist/boot.js:96435:17) {
2026-07-29 19:12:16:   code: 'ERR_JWS_SIGNATURE_VERIFICATION_FAILED'
2026-07-29 19:12:16: }
2026-07-29 19:12:16: [session] JWT verification failed: JWSSignatureVerificationFailed: signature verification failed
2026-07-29 19:12:16:     at flattenedVerify (file:///opt/erp/dist/boot.js:2781:11)
2026-07-29 19:12:16:     at async compactVerify (file:///opt/erp/dist/boot.js:2834:20)
2026-07-29 19:12:16:     at async jwtVerify (file:///opt/erp/dist/boot.js:3084:20)
2026-07-29 19:12:16:     at async verifySessionToken (file:///opt/erp/dist/boot.js:3322:25)
2026-07-29 19:12:16:     at async authenticateRequest (file:///opt/erp/dist/boot.js:139508:17)
2026-07-29 19:12:16:     at async Object.createContext (file:///opt/erp/dist/boot.js:139541:16)
2026-07-29 19:12:16:     at async Object.create (file:///opt/erp/dist/boot.js:100000:23)
2026-07-29 19:12:16:     at async resolveResponse (file:///opt/erp/dist/boot.js:100022:5)
2026-07-29 19:12:16:     at async fetchRequestHandler (file:///opt/erp/dist/boot.js:100338:10)
2026-07-29 19:12:16:     at async dispatch (file:///opt/erp/dist/boot.js:96435:17) {
2026-07-29 19:12:16:   code: 'ERR_JWS_SIGNATURE_VERIFICATION_FAILED'
2026-07-29 19:12:16: }
2026-07-29 19:13:09: [session] JWT verification failed: JWSSignatureVerificationFailed: signature verification failed
2026-07-29 19:13:09:     at flattenedVerify (file:///opt/erp/dist/boot.js:2781:11)
2026-07-29 19:13:09:     at async compactVerify (file:///opt/erp/dist/boot.js:2834:20)
2026-07-29 19:13:09:     at async jwtVerify (file:///opt/erp/dist/boot.js:3084:20)
2026-07-29 19:13:09:     at async verifySessionToken (file:///opt/erp/dist/boot.js:3322:25)
2026-07-29 19:13:09:     at async authenticateRequest (file:///opt/erp/dist/boot.js:139508:17)
2026-07-29 19:13:09:     at async Object.createContext (file:///opt/erp/dist/boot.js:139541:16)
2026-07-29 19:13:09:     at async Object.create (file:///opt/erp/dist/boot.js:100000:23)
2026-07-29 19:13:09:     at async resolveResponse (file:///opt/erp/dist/boot.js:100022:5)
2026-07-29 19:13:09:     at async fetchRequestHandler (file:///opt/erp/dist/boot.js:100338:10)
2026-07-29 19:13:09:     at async dispatch (file:///opt/erp/dist/boot.js:96435:17) {
2026-07-29 19:13:09:   code: 'ERR_JWS_SIGNATURE_VERIFICATION_FAILED'
2026-07-29 19:13:09: }
2026-07-29 19:14:09: [session] JWT verification failed: JWSSignatureVerificationFailed: signature verification failed
2026-07-29 19:14:09:     at flattenedVerify (file:///opt/erp/dist/boot.js:2781:11)
2026-07-29 19:14:09:     at async compactVerify (file:///opt/erp/dist/boot.js:2834:20)
2026-07-29 19:14:09:     at async jwtVerify (file:///opt/erp/dist/boot.js:3084:20)
2026-07-29 19:14:09:     at async verifySessionToken (file:///opt/erp/dist/boot.js:3322:25)
2026-07-29 19:14:09:     at async authenticateRequest (file:///opt/erp/dist/boot.js:139508:17)
2026-07-29 19:14:09:     at async Object.createContext (file:///opt/erp/dist/boot.js:139541:16)
2026-07-29 19:14:09:     at async Object.create (file:///opt/erp/dist/boot.js:100000:23)
2026-07-29 19:14:09:     at async resolveResponse (file:///opt/erp/dist/boot.js:100022:5)
2026-07-29 19:14:09:     at async fetchRequestHandler (file:///opt/erp/dist/boot.js:100338:10)
2026-07-29 19:14:09:     at async dispatch (file:///opt/erp/dist/boot.js:96435:17) {
2026-07-29 19:14:09:   code: 'ERR_JWS_SIGNATURE_VERIFICATION_FAILED'
2026-07-29 19:14:09: }
2026-07-29 19:15:22: [session] JWT verification failed: JWSSignatureVerificationFailed: signature verification failed
2026-07-29 19:15:22:     at flattenedVerify (file:///opt/erp/dist/boot.js:2781:11)
2026-07-29 19:15:22:     at async compactVerify (file:///opt/erp/dist/boot.js:2834:20)
2026-07-29 19:15:22:     at async jwtVerify (file:///opt/erp/dist/boot.js:3084:20)
2026-07-29 19:15:22:     at async verifySessionToken (file:///opt/erp/dist/boot.js:3322:25)
2026-07-29 19:15:22:     at async authenticateRequest (file:///opt/erp/dist/boot.js:139508:17)
2026-07-29 19:15:22:     at async Object.createContext (file:///opt/erp/dist/boot.js:139541:16)
2026-07-29 19:15:22:     at async Object.create (file:///opt/erp/dist/boot.js:100000:23)
2026-07-29 19:15:22:     at async resolveResponse (file:///opt/erp/dist/boot.js:100022:5)
2026-07-29 19:15:22:     at async fetchRequestHandler (file:///opt/erp/dist/boot.js:100338:10)
2026-07-29 19:15:22:     at async dispatch (file:///opt/erp/dist/boot.js:96435:17) {
2026-07-29 19:15:22:   code: 'ERR_JWS_SIGNATURE_VERIFICATION_FAILED'
2026-07-29 19:15:22: }
2026-07-29 19:16:22: [session] JWT verification failed: JWSSignatureVerificationFailed: signature verification failed
2026-07-29 19:16:22:     at flattenedVerify (file:///opt/erp/dist/boot.js:2781:11)
2026-07-29 19:16:22:     at async compactVerify (file:///opt/erp/dist/boot.js:2834:20)
2026-07-29 19:16:22:     at async jwtVerify (file:///opt/erp/dist/boot.js:3084:20)
2026-07-29 19:16:22:     at async verifySessionToken (file:///opt/erp/dist/boot.js:3322:25)
2026-07-29 19:16:22:     at async authenticateRequest (file:///opt/erp/dist/boot.js:139508:17)
2026-07-29 19:16:22:     at async Object.createContext (file:///opt/erp/dist/boot.js:139541:16)
2026-07-29 19:16:22:     at async Object.create (file:///opt/erp/dist/boot.js:100000:23)
2026-07-29 19:16:22:     at async resolveResponse (file:///opt/erp/dist/boot.js:100022:5)
2026-07-29 19:16:22:     at async fetchRequestHandler (file:///opt/erp/dist/boot.js:100338:10)
2026-07-29 19:16:22:     at async dispatch (file:///opt/erp/dist/boot.js:96435:17) {
2026-07-29 19:16:22:   code: 'ERR_JWS_SIGNATURE_VERIFICATION_FAILED'
2026-07-29 19:16:22: }
2026-07-29 19:17:22: [session] JWT verification failed: JWSSignatureVerificationFailed: signature verification failed
2026-07-29 19:17:22:     at flattenedVerify (file:///opt/erp/dist/boot.js:2781:11)
2026-07-29 19:17:22:     at async compactVerify (file:///opt/erp/dist/boot.js:2834:20)
2026-07-29 19:17:22:     at async jwtVerify (file:///opt/erp/dist/boot.js:3084:20)
2026-07-29 19:17:22:     at async verifySessionToken (file:///opt/erp/dist/boot.js:3322:25)
2026-07-29 19:17:22:     at async authenticateRequest (file:///opt/erp/dist/boot.js:139508:17)
2026-07-29 19:17:22:     at async Object.createContext (file:///opt/erp/dist/boot.js:139541:16)
2026-07-29 19:17:22:     at async Object.create (file:///opt/erp/dist/boot.js:100000:23)
2026-07-29 19:17:22:     at async resolveResponse (file:///opt/erp/dist/boot.js:100022:5)
2026-07-29 19:17:22:     at async fetchRequestHandler (file:///opt/erp/dist/boot.js:100338:10)
2026-07-29 19:17:22:     at async dispatch (file:///opt/erp/dist/boot.js:96435:17) {
2026-07-29 19:17:22:   code: 'ERR_JWS_SIGNATURE_VERIFICATION_FAILED'
2026-07-29 19:17:22: }
2026-07-29 19:18:24: [session] JWT verification failed: JWSSignatureVerificationFailed: signature verification failed
2026-07-29 19:18:24:     at flattenedVerify (file:///opt/erp/dist/boot.js:2781:11)
2026-07-29 19:18:24:     at async compactVerify (file:///opt/erp/dist/boot.js:2834:20)
2026-07-29 19:18:24:     at async jwtVerify (file:///opt/erp/dist/boot.js:3084:20)
2026-07-29 19:18:24:     at async verifySessionToken (file:///opt/erp/dist/boot.js:3322:25)
2026-07-29 19:18:24:     at async authenticateRequest (file:///opt/erp/dist/boot.js:139508:17)
2026-07-29 19:18:24:     at async Object.createContext (file:///opt/erp/dist/boot.js:139541:16)
2026-07-29 19:18:24:     at async Object.create (file:///opt/erp/dist/boot.js:100000:23)
2026-07-29 19:18:24:     at async resolveResponse (file:///opt/erp/dist/boot.js:100022:5)
2026-07-29 19:18:24:     at async fetchRequestHandler (file:///opt/erp/dist/boot.js:100338:10)
2026-07-29 19:18:24:     at async dispatch (file:///opt/erp/dist/boot.js:96435:17) {
2026-07-29 19:18:24:   code: 'ERR_JWS_SIGNATURE_VERIFICATION_FAILED'
2026-07-29 19:18:24: }
2026-07-29 19:19:22: [session] JWT verification failed: JWSSignatureVerificationFailed: signature verification failed
2026-07-29 19:19:22:     at flattenedVerify (file:///opt/erp/dist/boot.js:2781:11)
2026-07-29 19:19:22:     at async compactVerify (file:///opt/erp/dist/boot.js:2834:20)
2026-07-29 19:19:22:     at async jwtVerify (file:///opt/erp/dist/boot.js:3084:20)
2026-07-29 19:19:22:     at async verifySessionToken (file:///opt/erp/dist/boot.js:3322:25)
2026-07-29 19:19:22:     at async authenticateRequest (file:///opt/erp/dist/boot.js:139508:17)
2026-07-29 19:19:22:     at async Object.createContext (file:///opt/erp/dist/boot.js:139541:16)
2026-07-29 19:19:22:     at async Object.create (file:///opt/erp/dist/boot.js:100000:23)
2026-07-29 19:19:22:     at async resolveResponse (file:///opt/erp/dist/boot.js:100022:5)
2026-07-29 19:19:22:     at async fetchRequestHandler (file:///opt/erp/dist/boot.js:100338:10)
2026-07-29 19:19:22:     at async dispatch (file:///opt/erp/dist/boot.js:96435:17) {
2026-07-29 19:19:22:   code: 'ERR_JWS_SIGNATURE_VERIFICATION_FAILED'
2026-07-29 19:19:22: }
2026-07-29 19:20:23: [session] JWT verification failed: JWSSignatureVerificationFailed: signature verification failed
2026-07-29 19:20:23:     at flattenedVerify (file:///opt/erp/dist/boot.js:2781:11)
2026-07-29 19:20:23:     at async compactVerify (file:///opt/erp/dist/boot.js:2834:20)
2026-07-29 19:20:23:     at async jwtVerify (file:///opt/erp/dist/boot.js:3084:20)
2026-07-29 19:20:23:     at async verifySessionToken (file:///opt/erp/dist/boot.js:3322:25)
2026-07-29 19:20:23:     at async authenticateRequest (file:///opt/erp/dist/boot.js:139508:17)
2026-07-29 19:20:23:     at async Object.createContext (file:///opt/erp/dist/boot.js:139541:16)
2026-07-29 19:20:23:     at async Object.create (file:///opt/erp/dist/boot.js:100000:23)
2026-07-29 19:20:23:     at async resolveResponse (file:///opt/erp/dist/boot.js:100022:5)
2026-07-29 19:20:23:     at async fetchRequestHandler (file:///opt/erp/dist/boot.js:100338:10)
2026-07-29 19:20:23:     at async dispatch (file:///opt/erp/dist/boot.js:96435:17) {
2026-07-29 19:20:23:   code: 'ERR_JWS_SIGNATURE_VERIFICATION_FAILED'
2026-07-29 19:20:23: }
2026-07-29 19:21:22: [session] JWT verification failed: JWSSignatureVerificationFailed: signature verification failed
2026-07-29 19:21:22:     at flattenedVerify (file:///opt/erp/dist/boot.js:2781:11)
2026-07-29 19:21:22:     at async compactVerify (file:///opt/erp/dist/boot.js:2834:20)
2026-07-29 19:21:22:     at async jwtVerify (file:///opt/erp/dist/boot.js:3084:20)
2026-07-29 19:21:22:     at async verifySessionToken (file:///opt/erp/dist/boot.js:3322:25)
2026-07-29 19:21:22:     at async authenticateRequest (file:///opt/erp/dist/boot.js:139508:17)
2026-07-29 19:21:22:     at async Object.createContext (file:///opt/erp/dist/boot.js:139541:16)
2026-07-29 19:21:22:     at async Object.create (file:///opt/erp/dist/boot.js:100000:23)
2026-07-29 19:21:22:     at async resolveResponse (file:///opt/erp/dist/boot.js:100022:5)
2026-07-29 19:21:22:     at async fetchRequestHandler (file:///opt/erp/dist/boot.js:100338:10)
2026-07-29 19:21:22:     at async dispatch (file:///opt/erp/dist/boot.js:96435:17) {
2026-07-29 19:21:22:   code: 'ERR_JWS_SIGNATURE_VERIFICATION_FAILED'
2026-07-29 19:21:22: }
2026-07-29 19:22:22: [session] JWT verification failed: JWSSignatureVerificationFailed: signature verification failed
2026-07-29 19:22:22:     at flattenedVerify (file:///opt/erp/dist/boot.js:2781:11)
2026-07-29 19:22:22:     at async compactVerify (file:///opt/erp/dist/boot.js:2834:20)
2026-07-29 19:22:22:     at async jwtVerify (file:///opt/erp/dist/boot.js:3084:20)
2026-07-29 19:22:22:     at async verifySessionToken (file:///opt/erp/dist/boot.js:3322:25)
2026-07-29 19:22:22:     at async authenticateRequest (file:///opt/erp/dist/boot.js:139508:17)
2026-07-29 19:22:22:     at async Object.createContext (file:///opt/erp/dist/boot.js:139541:16)
2026-07-29 19:22:22:     at async Object.create (file:///opt/erp/dist/boot.js:100000:23)
2026-07-29 19:22:22:     at async resolveResponse (file:///opt/erp/dist/boot.js:100022:5)
2026-07-29 19:22:22:     at async fetchRequestHandler (file:///opt/erp/dist/boot.js:100338:10)
2026-07-29 19:22:22:     at async dispatch (file:///opt/erp/dist/boot.js:96435:17) {
2026-07-29 19:22:22:   code: 'ERR_JWS_SIGNATURE_VERIFICATION_FAILED'
2026-07-29 19:22:22: }
2026-07-29 19:23:22: [session] JWT verification failed: JWSSignatureVerificationFailed: signature verification failed
2026-07-29 19:23:22:     at flattenedVerify (file:///opt/erp/dist/boot.js:2781:11)
2026-07-29 19:23:22:     at async compactVerify (file:///opt/erp/dist/boot.js:2834:20)
2026-07-29 19:23:22:     at async jwtVerify (file:///opt/erp/dist/boot.js:3084:20)
2026-07-29 19:23:22:     at async verifySessionToken (file:///opt/erp/dist/boot.js:3322:25)
2026-07-29 19:23:22:     at async authenticateRequest (file:///opt/erp/dist/boot.js:139508:17)
2026-07-29 19:23:22:     at async Object.createContext (file:///opt/erp/dist/boot.js:139541:16)
2026-07-29 19:23:22:     at async Object.create (file:///opt/erp/dist/boot.js:100000:23)
2026-07-29 19:23:22:     at async resolveResponse (file:///opt/erp/dist/boot.js:100022:5)
2026-07-29 19:23:22:     at async fetchRequestHandler (file:///opt/erp/dist/boot.js:100338:10)
2026-07-29 19:23:22:     at async dispatch (file:///opt/erp/dist/boot.js:96435:17) {
2026-07-29 19:23:22:   code: 'ERR_JWS_SIGNATURE_VERIFICATION_FAILED'
2026-07-29 19:23:22: }
2026-07-29 19:24:22: [session] JWT verification failed: JWSSignatureVerificationFailed: signature verification failed
2026-07-29 19:24:22:     at flattenedVerify (file:///opt/erp/dist/boot.js:2781:11)
2026-07-29 19:24:22:     at async compactVerify (file:///opt/erp/dist/boot.js:2834:20)
2026-07-29 19:24:22:     at async jwtVerify (file:///opt/erp/dist/boot.js:3084:20)
2026-07-29 19:24:22:     at async verifySessionToken (file:///opt/erp/dist/boot.js:3322:25)
2026-07-29 19:24:22:     at async authenticateRequest (file:///opt/erp/dist/boot.js:139508:17)
2026-07-29 19:24:22:     at async Object.createContext (file:///opt/erp/dist/boot.js:139541:16)
2026-07-29 19:24:22:     at async Object.create (file:///opt/erp/dist/boot.js:100000:23)
2026-07-29 19:24:22:     at async resolveResponse (file:///opt/erp/dist/boot.js:100022:5)
2026-07-29 19:24:22:     at async fetchRequestHandler (file:///opt/erp/dist/boot.js:100338:10)
2026-07-29 19:24:22:     at async dispatch (file:///opt/erp/dist/boot.js:96435:17) {
2026-07-29 19:24:22:   code: 'ERR_JWS_SIGNATURE_VERIFICATION_FAILED'
2026-07-29 19:24:22: }
2026-07-29 19:25:25: [session] JWT verification failed: JWSSignatureVerificationFailed: signature verification failed
2026-07-29 19:25:25:     at flattenedVerify (file:///opt/erp/dist/boot.js:2781:11)
2026-07-29 19:25:25:     at async compactVerify (file:///opt/erp/dist/boot.js:2834:20)
2026-07-29 19:25:25:     at async jwtVerify (file:///opt/erp/dist/boot.js:3084:20)
2026-07-29 19:25:25:     at async verifySessionToken (file:///opt/erp/dist/boot.js:3322:25)
2026-07-29 19:25:25:     at async authenticateRequest (file:///opt/erp/dist/boot.js:139508:17)
2026-07-29 19:25:25:     at async Object.createContext (file:///opt/erp/dist/boot.js:139541:16)
2026-07-29 19:25:25:     at async Object.create (file:///opt/erp/dist/boot.js:100000:23)
2026-07-29 19:25:25:     at async resolveResponse (file:///opt/erp/dist/boot.js:100022:5)
2026-07-29 19:25:25:     at async fetchRequestHandler (file:///opt/erp/dist/boot.js:100338:10)
2026-07-29 19:25:25:     at async dispatch (file:///opt/erp/dist/boot.js:96435:17) {
2026-07-29 19:25:25:   code: 'ERR_JWS_SIGNATURE_VERIFICATION_FAILED'
2026-07-29 19:25:25: }
2026-07-29 19:26:22: [session] JWT verification failed: JWSSignatureVerificationFailed: signature verification failed
2026-07-29 19:26:22:     at flattenedVerify (file:///opt/erp/dist/boot.js:2781:11)
2026-07-29 19:26:22:     at async compactVerify (file:///opt/erp/dist/boot.js:2834:20)
2026-07-29 19:26:22:     at async jwtVerify (file:///opt/erp/dist/boot.js:3084:20)
2026-07-29 19:26:22:     at async verifySessionToken (file:///opt/erp/dist/boot.js:3322:25)
2026-07-29 19:26:22:     at async authenticateRequest (file:///opt/erp/dist/boot.js:139508:17)
2026-07-29 19:26:22:     at async Object.createContext (file:///opt/erp/dist/boot.js:139541:16)
2026-07-29 19:26:22:     at async Object.create (file:///opt/erp/dist/boot.js:100000:23)
2026-07-29 19:26:22:     at async resolveResponse (file:///opt/erp/dist/boot.js:100022:5)
2026-07-29 19:26:22:     at async fetchRequestHandler (file:///opt/erp/dist/boot.js:100338:10)
2026-07-29 19:26:22:     at async dispatch (file:///opt/erp/dist/boot.js:96435:17) {
2026-07-29 19:26:22:   code: 'ERR_JWS_SIGNATURE_VERIFICATION_FAILED'
2026-07-29 19:26:22: }
2026-07-29 19:27:25: [session] JWT verification failed: JWSSignatureVerificationFailed: signature verification failed
2026-07-29 19:27:25:     at flattenedVerify (file:///opt/erp/dist/boot.js:2781:11)
2026-07-29 19:27:25:     at async compactVerify (file:///opt/erp/dist/boot.js:2834:20)
2026-07-29 19:27:25:     at async jwtVerify (file:///opt/erp/dist/boot.js:3084:20)
2026-07-29 19:27:25:     at async verifySessionToken (file:///opt/erp/dist/boot.js:3322:25)
2026-07-29 19:27:25:     at async authenticateRequest (file:///opt/erp/dist/boot.js:139508:17)
2026-07-29 19:27:25:     at async Object.createContext (file:///opt/erp/dist/boot.js:139541:16)
2026-07-29 19:27:25:     at async Object.create (file:///opt/erp/dist/boot.js:100000:23)
2026-07-29 19:27:25:     at async resolveResponse (file:///opt/erp/dist/boot.js:100022:5)
2026-07-29 19:27:25:     at async fetchRequestHandler (file:///opt/erp/dist/boot.js:100338:10)
2026-07-29 19:27:25:     at async dispatch (file:///opt/erp/dist/boot.js:96435:17) {
2026-07-29 19:27:25:   code: 'ERR_JWS_SIGNATURE_VERIFICATION_FAILED'
2026-07-29 19:27:25: }
2026-07-29 19:27:29: [session] JWT verification failed: JWSSignatureVerificationFailed: signature verification failed
2026-07-29 19:27:29:     at flattenedVerify (file:///opt/erp/dist/boot.js:2781:11)
2026-07-29 19:27:29:     at async compactVerify (file:///opt/erp/dist/boot.js:2834:20)
2026-07-29 19:27:29:     at async jwtVerify (file:///opt/erp/dist/boot.js:3084:20)
2026-07-29 19:27:29:     at async verifySessionToken (file:///opt/erp/dist/boot.js:3322:25)
2026-07-29 19:27:29:     at async authenticateRequest (file:///opt/erp/dist/boot.js:139508:17)
2026-07-29 19:27:29:     at async Object.createContext (file:///opt/erp/dist/boot.js:139541:16)
2026-07-29 19:27:29:     at async Object.create (file:///opt/erp/dist/boot.js:100000:23)
2026-07-29 19:27:29:     at async resolveResponse (file:///opt/erp/dist/boot.js:100022:5)
2026-07-29 19:27:29:     at async fetchRequestHandler (file:///opt/erp/dist/boot.js:100338:10)
2026-07-29 19:27:29:     at async dispatch (file:///opt/erp/dist/boot.js:96435:17) {
2026-07-29 19:27:29:   code: 'ERR_JWS_SIGNATURE_VERIFICATION_FAILED'
2026-07-29 19:27:29: }
2026-07-29 19:28:08: [session] JWT verification failed: JWSSignatureVerificationFailed: signature verification failed
2026-07-29 19:28:08:     at flattenedVerify (file:///opt/erp/dist/boot.js:2781:11)
2026-07-29 19:28:08:     at async compactVerify (file:///opt/erp/dist/boot.js:2834:20)
2026-07-29 19:28:08:     at async jwtVerify (file:///opt/erp/dist/boot.js:3084:20)
2026-07-29 19:28:08:     at async verifySessionToken (file:///opt/erp/dist/boot.js:3322:25)
2026-07-29 19:28:08:     at async authenticateRequest (file:///opt/erp/dist/boot.js:139508:17)
2026-07-29 19:28:08:     at async Object.createContext (file:///opt/erp/dist/boot.js:139541:16)
2026-07-29 19:28:08:     at async Object.create (file:///opt/erp/dist/boot.js:100000:23)
2026-07-29 19:28:08:     at async resolveResponse (file:///opt/erp/dist/boot.js:100022:5)
2026-07-29 19:28:08:     at async fetchRequestHandler (file:///opt/erp/dist/boot.js:100338:10)
2026-07-29 19:28:08:     at async dispatch (file:///opt/erp/dist/boot.js:96435:17) {
2026-07-29 19:28:08:   code: 'ERR_JWS_SIGNATURE_VERIFICATION_FAILED'
2026-07-29 19:28:08: }
2026-07-29 19:29:24: [session] JWT verification failed: JWSSignatureVerificationFailed: signature verification failed
2026-07-29 19:29:24:     at flattenedVerify (file:///opt/erp/dist/boot.js:2781:11)
2026-07-29 19:29:24:     at async compactVerify (file:///opt/erp/dist/boot.js:2834:20)
2026-07-29 19:29:24:     at async jwtVerify (file:///opt/erp/dist/boot.js:3084:20)
2026-07-29 19:29:24:     at async verifySessionToken (file:///opt/erp/dist/boot.js:3322:25)
2026-07-29 19:29:24:     at async authenticateRequest (file:///opt/erp/dist/boot.js:139508:17)
2026-07-29 19:29:24:     at async Object.createContext (file:///opt/erp/dist/boot.js:139541:16)
2026-07-29 19:29:24:     at async Object.create (file:///opt/erp/dist/boot.js:100000:23)
2026-07-29 19:29:24:     at async resolveResponse (file:///opt/erp/dist/boot.js:100022:5)
2026-07-29 19:29:24:     at async fetchRequestHandler (file:///opt/erp/dist/boot.js:100338:10)
2026-07-29 19:29:24:     at async dispatch (file:///opt/erp/dist/boot.js:96435:17) {
2026-07-29 19:29:24:   code: 'ERR_JWS_SIGNATURE_VERIFICATION_FAILED'
2026-07-29 19:29:24: }
2026-07-29 19:30:22: [session] JWT verification failed: JWSSignatureVerificationFailed: signature verification failed
2026-07-29 19:30:22:     at flattenedVerify (file:///opt/erp/dist/boot.js:2781:11)
2026-07-29 19:30:22:     at async compactVerify (file:///opt/erp/dist/boot.js:2834:20)
2026-07-29 19:30:22:     at async jwtVerify (file:///opt/erp/dist/boot.js:3084:20)
2026-07-29 19:30:22:     at async verifySessionToken (file:///opt/erp/dist/boot.js:3322:25)
2026-07-29 19:30:22:     at async authenticateRequest (file:///opt/erp/dist/boot.js:139508:17)
2026-07-29 19:30:22:     at async Object.createContext (file:///opt/erp/dist/boot.js:139541:16)
2026-07-29 19:30:22:     at async Object.create (file:///opt/erp/dist/boot.js:100000:23)
2026-07-29 19:30:22:     at async resolveResponse (file:///opt/erp/dist/boot.js:100022:5)
2026-07-29 19:30:22:     at async fetchRequestHandler (file:///opt/erp/dist/boot.js:100338:10)
2026-07-29 19:30:22:     at async dispatch (file:///opt/erp/dist/boot.js:96435:17) {
2026-07-29 19:30:22:   code: 'ERR_JWS_SIGNATURE_VERIFICATION_FAILED'
2026-07-29 19:30:22: }
2026-07-29 19:31:23: [session] JWT verification failed: JWSSignatureVerificationFailed: signature verification failed
2026-07-29 19:31:23:     at flattenedVerify (file:///opt/erp/dist/boot.js:2781:11)
2026-07-29 19:31:23:     at async compactVerify (file:///opt/erp/dist/boot.js:2834:20)
2026-07-29 19:31:23:     at async jwtVerify (file:///opt/erp/dist/boot.js:3084:20)
2026-07-29 19:31:23:     at async verifySessionToken (file:///opt/erp/dist/boot.js:3322:25)
2026-07-29 19:31:23:     at async authenticateRequest (file:///opt/erp/dist/boot.js:139508:17)
2026-07-29 19:31:23:     at async Object.createContext (file:///opt/erp/dist/boot.js:139541:16)
2026-07-29 19:31:23:     at async Object.create (file:///opt/erp/dist/boot.js:100000:23)
2026-07-29 19:31:23:     at async resolveResponse (file:///opt/erp/dist/boot.js:100022:5)
2026-07-29 19:31:23:     at async fetchRequestHandler (file:///opt/erp/dist/boot.js:100338:10)
2026-07-29 19:31:23:     at async dispatch (file:///opt/erp/dist/boot.js:96435:17) {
2026-07-29 19:31:23:   code: 'ERR_JWS_SIGNATURE_VERIFICATION_FAILED'
2026-07-29 19:31:23: }
2026-07-29 19:32:22: [session] JWT verification failed: JWSSignatureVerificationFailed: signature verification failed
2026-07-29 19:32:22:     at flattenedVerify (file:///opt/erp/dist/boot.js:2781:11)
2026-07-29 19:32:22:     at async compactVerify (file:///opt/erp/dist/boot.js:2834:20)
2026-07-29 19:32:22:     at async jwtVerify (file:///opt/erp/dist/boot.js:3084:20)
2026-07-29 19:32:22:     at async verifySessionToken (file:///opt/erp/dist/boot.js:3322:25)
2026-07-29 19:32:22:     at async authenticateRequest (file:///opt/erp/dist/boot.js:139508:17)
2026-07-29 19:32:22:     at async Object.createContext (file:///opt/erp/dist/boot.js:139541:16)
2026-07-29 19:32:22:     at async Object.create (file:///opt/erp/dist/boot.js:100000:23)
2026-07-29 19:32:22:     at async resolveResponse (file:///opt/erp/dist/boot.js:100022:5)
2026-07-29 19:32:22:     at async fetchRequestHandler (file:///opt/erp/dist/boot.js:100338:10)
2026-07-29 19:32:22:     at async dispatch (file:///opt/erp/dist/boot.js:96435:17) {
2026-07-29 19:32:22:   code: 'ERR_JWS_SIGNATURE_VERIFICATION_FAILED'
2026-07-29 19:32:22: }
2026-07-29 19:33:22: [session] JWT verification failed: JWSSignatureVerificationFailed: signature verification failed
2026-07-29 19:33:22:     at flattenedVerify (file:///opt/erp/dist/boot.js:2781:11)
2026-07-29 19:33:22:     at async compactVerify (file:///opt/erp/dist/boot.js:2834:20)
2026-07-29 19:33:22:     at async jwtVerify (file:///opt/erp/dist/boot.js:3084:20)
2026-07-29 19:33:22:     at async verifySessionToken (file:///opt/erp/dist/boot.js:3322:25)
2026-07-29 19:33:22:     at async authenticateRequest (file:///opt/erp/dist/boot.js:139508:17)
2026-07-29 19:33:22:     at async Object.createContext (file:///opt/erp/dist/boot.js:139541:16)
2026-07-29 19:33:22:     at async Object.create (file:///opt/erp/dist/boot.js:100000:23)
2026-07-29 19:33:22:     at async resolveResponse (file:///opt/erp/dist/boot.js:100022:5)
2026-07-29 19:33:22:     at async fetchRequestHandler (file:///opt/erp/dist/boot.js:100338:10)
2026-07-29 19:33:22:     at async dispatch (file:///opt/erp/dist/boot.js:96435:17) {
2026-07-29 19:33:22:   code: 'ERR_JWS_SIGNATURE_VERIFICATION_FAILED'
2026-07-29 19:33:22: }
2026-07-29 19:34:26: [session] JWT verification failed: JWSSignatureVerificationFailed: signature verification failed
2026-07-29 19:34:26:     at flattenedVerify (file:///opt/erp/dist/boot.js:2781:11)
2026-07-29 19:34:26:     at async compactVerify (file:///opt/erp/dist/boot.js:2834:20)
2026-07-29 19:34:26:     at async jwtVerify (file:///opt/erp/dist/boot.js:3084:20)
2026-07-29 19:34:26:     at async verifySessionToken (file:///opt/erp/dist/boot.js:3322:25)
2026-07-29 19:34:26:     at async authenticateRequest (file:///opt/erp/dist/boot.js:139508:17)
2026-07-29 19:34:26:     at async Object.createContext (file:///opt/erp/dist/boot.js:139541:16)
2026-07-29 19:34:26:     at async Object.create (file:///opt/erp/dist/boot.js:100000:23)
2026-07-29 19:34:26:     at async resolveResponse (file:///opt/erp/dist/boot.js:100022:5)
2026-07-29 19:34:26:     at async fetchRequestHandler (file:///opt/erp/dist/boot.js:100338:10)
2026-07-29 19:34:26:     at async dispatch (file:///opt/erp/dist/boot.js:96435:17) {
2026-07-29 19:34:26:   code: 'ERR_JWS_SIGNATURE_VERIFICATION_FAILED'
2026-07-29 19:34:26: }
2026-07-29 19:35:22: [session] JWT verification failed: JWSSignatureVerificationFailed: signature verification failed
2026-07-29 19:35:22:     at flattenedVerify (file:///opt/erp/dist/boot.js:2781:11)
2026-07-29 19:35:22:     at async compactVerify (file:///opt/erp/dist/boot.js:2834:20)
2026-07-29 19:35:22:     at async jwtVerify (file:///opt/erp/dist/boot.js:3084:20)
2026-07-29 19:35:22:     at async verifySessionToken (file:///opt/erp/dist/boot.js:3322:25)
2026-07-29 19:35:22:     at async authenticateRequest (file:///opt/erp/dist/boot.js:139508:17)
2026-07-29 19:35:22:     at async Object.createContext (file:///opt/erp/dist/boot.js:139541:16)
2026-07-29 19:35:22:     at async Object.create (file:///opt/erp/dist/boot.js:100000:23)
2026-07-29 19:35:22:     at async resolveResponse (file:///opt/erp/dist/boot.js:100022:5)
2026-07-29 19:35:22:     at async fetchRequestHandler (file:///opt/erp/dist/boot.js:100338:10)
2026-07-29 19:35:22:     at async dispatch (file:///opt/erp/dist/boot.js:96435:17) {
2026-07-29 19:35:22:   code: 'ERR_JWS_SIGNATURE_VERIFICATION_FAILED'
2026-07-29 19:35:22: }
2026-07-29 19:36:22: [session] JWT verification failed: JWSSignatureVerificationFailed: signature verification failed
2026-07-29 19:36:22:     at flattenedVerify (file:///opt/erp/dist/boot.js:2781:11)
2026-07-29 19:36:22:     at async compactVerify (file:///opt/erp/dist/boot.js:2834:20)
2026-07-29 19:36:22:     at async jwtVerify (file:///opt/erp/dist/boot.js:3084:20)
2026-07-29 19:36:22:     at async verifySessionToken (file:///opt/erp/dist/boot.js:3322:25)
2026-07-29 19:36:22:     at async authenticateRequest (file:///opt/erp/dist/boot.js:139508:17)
2026-07-29 19:36:22:     at async Object.createContext (file:///opt/erp/dist/boot.js:139541:16)
2026-07-29 19:36:22:     at async Object.create (file:///opt/erp/dist/boot.js:100000:23)
2026-07-29 19:36:22:     at async resolveResponse (file:///opt/erp/dist/boot.js:100022:5)
2026-07-29 19:36:22:     at async fetchRequestHandler (file:///opt/erp/dist/boot.js:100338:10)
2026-07-29 19:36:22:     at async dispatch (file:///opt/erp/dist/boot.js:96435:17) {
2026-07-29 19:36:22:   code: 'ERR_JWS_SIGNATURE_VERIFICATION_FAILED'
2026-07-29 19:36:22: }
2026-07-29 19:37:22: [session] JWT verification failed: JWSSignatureVerificationFailed: signature verification failed
2026-07-29 19:37:22:     at flattenedVerify (file:///opt/erp/dist/boot.js:2781:11)
2026-07-29 19:37:22:     at async compactVerify (file:///opt/erp/dist/boot.js:2834:20)
2026-07-29 19:37:22:     at async jwtVerify (file:///opt/erp/dist/boot.js:3084:20)
2026-07-29 19:37:22:     at async verifySessionToken (file:///opt/erp/dist/boot.js:3322:25)
2026-07-29 19:37:22:     at async authenticateRequest (file:///opt/erp/dist/boot.js:139508:17)
2026-07-29 19:37:22:     at async Object.createContext (file:///opt/erp/dist/boot.js:139541:16)
2026-07-29 19:37:22:     at async Object.create (file:///opt/erp/dist/boot.js:100000:23)
2026-07-29 19:37:22:     at async resolveResponse (file:///opt/erp/dist/boot.js:100022:5)
2026-07-29 19:37:22:     at async fetchRequestHandler (file:///opt/erp/dist/boot.js:100338:10)
2026-07-29 19:37:22:     at async dispatch (file:///opt/erp/dist/boot.js:96435:17) {
2026-07-29 19:37:22:   code: 'ERR_JWS_SIGNATURE_VERIFICATION_FAILED'
2026-07-29 19:37:22: }
2026-07-29 19:38:22: [session] JWT verification failed: JWSSignatureVerificationFailed: signature verification failed
2026-07-29 19:38:22:     at flattenedVerify (file:///opt/erp/dist/boot.js:2781:11)
2026-07-29 19:38:22:     at async compactVerify (file:///opt/erp/dist/boot.js:2834:20)
2026-07-29 19:38:22:     at async jwtVerify (file:///opt/erp/dist/boot.js:3084:20)
2026-07-29 19:38:22:     at async verifySessionToken (file:///opt/erp/dist/boot.js:3322:25)
2026-07-29 19:38:22:     at async authenticateRequest (file:///opt/erp/dist/boot.js:139508:17)
2026-07-29 19:38:22:     at async Object.createContext (file:///opt/erp/dist/boot.js:139541:16)
2026-07-29 19:38:22:     at async Object.create (file:///opt/erp/dist/boot.js:100000:23)
2026-07-29 19:38:22:     at async resolveResponse (file:///opt/erp/dist/boot.js:100022:5)
2026-07-29 19:38:22:     at async fetchRequestHandler (file:///opt/erp/dist/boot.js:100338:10)
2026-07-29 19:38:22:     at async dispatch (file:///opt/erp/dist/boot.js:96435:17) {
2026-07-29 19:38:22:   code: 'ERR_JWS_SIGNATURE_VERIFICATION_FAILED'
2026-07-29 19:38:22: }
2026-07-29 19:45:13: [session] JWT verification failed: JWSSignatureVerificationFailed: signature verification failed
2026-07-29 19:45:13:     at flattenedVerify (file:///opt/erp/dist/boot.js:2781:11)
2026-07-29 19:45:13:     at async compactVerify (file:///opt/erp/dist/boot.js:2834:20)
2026-07-29 19:45:13:     at async jwtVerify (file:///opt/erp/dist/boot.js:3084:20)
2026-07-29 19:45:13:     at async verifySessionToken (file:///opt/erp/dist/boot.js:3322:25)
2026-07-29 19:45:13:     at async authenticateRequest (file:///opt/erp/dist/boot.js:139508:17)
2026-07-29 19:45:13:     at async Object.createContext (file:///opt/erp/dist/boot.js:139541:16)
2026-07-29 19:45:13:     at async Object.create (file:///opt/erp/dist/boot.js:100000:23)
2026-07-29 19:45:13:     at async resolveResponse (file:///opt/erp/dist/boot.js:100022:5)
2026-07-29 19:45:13:     at async fetchRequestHandler (file:///opt/erp/dist/boot.js:100338:10)
2026-07-29 19:45:13:     at async dispatch (file:///opt/erp/dist/boot.js:96435:17) {
2026-07-29 19:45:13:   code: 'ERR_JWS_SIGNATURE_VERIFICATION_FAILED'
2026-07-29 19:45:13: }
2026-07-29 19:45:14: [session] JWT verification failed: JWSSignatureVerificationFailed: signature verification failed
2026-07-29 19:45:14:     at flattenedVerify (file:///opt/erp/dist/boot.js:2781:11)
2026-07-29 19:45:14:     at async compactVerify (file:///opt/erp/dist/boot.js:2834:20)
2026-07-29 19:45:14:     at async jwtVerify (file:///opt/erp/dist/boot.js:3084:20)
2026-07-29 19:45:14:     at async verifySessionToken (file:///opt/erp/dist/boot.js:3322:25)
2026-07-29 19:45:14:     at async authenticateRequest (file:///opt/erp/dist/boot.js:139508:17)
2026-07-29 19:45:14:     at async Object.createContext (file:///opt/erp/dist/boot.js:139541:16)
2026-07-29 19:45:14:     at async Object.create (file:///opt/erp/dist/boot.js:100000:23)
2026-07-29 19:45:14:     at async resolveResponse (file:///opt/erp/dist/boot.js:100022:5)
2026-07-29 19:45:14:     at async fetchRequestHandler (file:///opt/erp/dist/boot.js:100338:10)
2026-07-29 19:45:14:     at async dispatch (file:///opt/erp/dist/boot.js:96435:17) {
2026-07-29 19:45:14:   code: 'ERR_JWS_SIGNATURE_VERIFICATION_FAILED'
2026-07-29 19:45:14: }
2026-07-29 19:46:13: [session] JWT verification failed: JWSSignatureVerificationFailed: signature verification failed
2026-07-29 19:46:13:     at flattenedVerify (file:///opt/erp/dist/boot.js:2781:11)
2026-07-29 19:46:13:     at async compactVerify (file:///opt/erp/dist/boot.js:2834:20)
2026-07-29 19:46:13:     at async jwtVerify (file:///opt/erp/dist/boot.js:3084:20)
2026-07-29 19:46:13:     at async verifySessionToken (file:///opt/erp/dist/boot.js:3322:25)
2026-07-29 19:46:13:     at async authenticateRequest (file:///opt/erp/dist/boot.js:139508:17)
2026-07-29 19:46:13:     at async Object.createContext (file:///opt/erp/dist/boot.js:139541:16)
2026-07-29 19:46:13:     at async Object.create (file:///opt/erp/dist/boot.js:100000:23)
2026-07-29 19:46:13:     at async resolveResponse (file:///opt/erp/dist/boot.js:100022:5)
2026-07-29 19:46:13:     at async fetchRequestHandler (file:///opt/erp/dist/boot.js:100338:10)
2026-07-29 19:46:13:     at async dispatch (file:///opt/erp/dist/boot.js:96435:17) {
2026-07-29 19:46:13:   code: 'ERR_JWS_SIGNATURE_VERIFICATION_FAILED'
2026-07-29 19:46:13: }
2026-07-29 19:47:15: [session] JWT verification failed: JWSSignatureVerificationFailed: signature verification failed
2026-07-29 19:47:15:     at flattenedVerify (file:///opt/erp/dist/boot.js:2781:11)
2026-07-29 19:47:15:     at async compactVerify (file:///opt/erp/dist/boot.js:2834:20)
2026-07-29 19:47:15:     at async jwtVerify (file:///opt/erp/dist/boot.js:3084:20)
2026-07-29 19:47:15:     at async verifySessionToken (file:///opt/erp/dist/boot.js:3322:25)
2026-07-29 19:47:15:     at async authenticateRequest (file:///opt/erp/dist/boot.js:139508:17)
2026-07-29 19:47:15:     at async Object.createContext (file:///opt/erp/dist/boot.js:139541:16)
2026-07-29 19:47:15:     at async Object.create (file:///opt/erp/dist/boot.js:100000:23)
2026-07-29 19:47:15:     at async resolveResponse (file:///opt/erp/dist/boot.js:100022:5)
2026-07-29 19:47:15:     at async fetchRequestHandler (file:///opt/erp/dist/boot.js:100338:10)
2026-07-29 19:47:15:     at async dispatch (file:///opt/erp/dist/boot.js:96435:17) {
2026-07-29 19:47:15:   code: 'ERR_JWS_SIGNATURE_VERIFICATION_FAILED'
2026-07-29 19:47:15: }
2026-07-29 19:48:13: [session] JWT verification failed: JWSSignatureVerificationFailed: signature verification failed
2026-07-29 19:48:13:     at flattenedVerify (file:///opt/erp/dist/boot.js:2781:11)
2026-07-29 19:48:13:     at async compactVerify (file:///opt/erp/dist/boot.js:2834:20)
2026-07-29 19:48:13:     at async jwtVerify (file:///opt/erp/dist/boot.js:3084:20)
2026-07-29 19:48:13:     at async verifySessionToken (file:///opt/erp/dist/boot.js:3322:25)
2026-07-29 19:48:13:     at async authenticateRequest (file:///opt/erp/dist/boot.js:139508:17)
2026-07-29 19:48:13:     at async Object.createContext (file:///opt/erp/dist/boot.js:139541:16)
2026-07-29 19:48:13:     at async Object.create (file:///opt/erp/dist/boot.js:100000:23)
2026-07-29 19:48:13:     at async resolveResponse (file:///opt/erp/dist/boot.js:100022:5)
2026-07-29 19:48:13:     at async fetchRequestHandler (file:///opt/erp/dist/boot.js:100338:10)
2026-07-29 19:48:13:     at async dispatch (file:///opt/erp/dist/boot.js:96435:17) {
2026-07-29 19:48:13:   code: 'ERR_JWS_SIGNATURE_VERIFICATION_FAILED'
2026-07-29 19:48:13: }
2026-07-29 19:49:15: [session] JWT verification failed: JWSSignatureVerificationFailed: signature verification failed
2026-07-29 19:49:15:     at flattenedVerify (file:///opt/erp/dist/boot.js:2781:11)
2026-07-29 19:49:15:     at async compactVerify (file:///opt/erp/dist/boot.js:2834:20)
2026-07-29 19:49:15:     at async jwtVerify (file:///opt/erp/dist/boot.js:3084:20)
2026-07-29 19:49:15:     at async verifySessionToken (file:///opt/erp/dist/boot.js:3322:25)
2026-07-29 19:49:15:     at async authenticateRequest (file:///opt/erp/dist/boot.js:139508:17)
2026-07-29 19:49:15:     at async Object.createContext (file:///opt/erp/dist/boot.js:139541:16)
2026-07-29 19:49:15:     at async Object.create (file:///opt/erp/dist/boot.js:100000:23)
2026-07-29 19:49:15:     at async resolveResponse (file:///opt/erp/dist/boot.js:100022:5)
2026-07-29 19:49:15:     at async fetchRequestHandler (file:///opt/erp/dist/boot.js:100338:10)
2026-07-29 19:49:15:     at async dispatch (file:///opt/erp/dist/boot.js:96435:17) {
2026-07-29 19:49:15:   code: 'ERR_JWS_SIGNATURE_VERIFICATION_FAILED'
2026-07-29 19:49:15: }
2026-07-29 19:50:13: [session] JWT verification failed: JWSSignatureVerificationFailed: signature verification failed
2026-07-29 19:50:13:     at flattenedVerify (file:///opt/erp/dist/boot.js:2781:11)
2026-07-29 19:50:13:     at async compactVerify (file:///opt/erp/dist/boot.js:2834:20)
2026-07-29 19:50:13:     at async jwtVerify (file:///opt/erp/dist/boot.js:3084:20)
2026-07-29 19:50:13:     at async verifySessionToken (file:///opt/erp/dist/boot.js:3322:25)
2026-07-29 19:50:13:     at async authenticateRequest (file:///opt/erp/dist/boot.js:139508:17)
2026-07-29 19:50:13:     at async Object.createContext (file:///opt/erp/dist/boot.js:139541:16)
2026-07-29 19:50:13:     at async Object.create (file:///opt/erp/dist/boot.js:100000:23)
2026-07-29 19:50:13:     at async resolveResponse (file:///opt/erp/dist/boot.js:100022:5)
2026-07-29 19:50:13:     at async fetchRequestHandler (file:///opt/erp/dist/boot.js:100338:10)
2026-07-29 19:50:13:     at async dispatch (file:///opt/erp/dist/boot.js:96435:17) {
2026-07-29 19:50:13:   code: 'ERR_JWS_SIGNATURE_VERIFICATION_FAILED'
2026-07-29 19:50:13: }
2026-07-29 19:51:03: [session] JWT verification failed: JWSSignatureVerificationFailed: signature verification failed
2026-07-29 19:51:03:     at flattenedVerify (file:///opt/erp/dist/boot.js:2781:11)
2026-07-29 19:51:03:     at async compactVerify (file:///opt/erp/dist/boot.js:2834:20)
2026-07-29 19:51:03:     at async jwtVerify (file:///opt/erp/dist/boot.js:3084:20)
2026-07-29 19:51:03:     at async verifySessionToken (file:///opt/erp/dist/boot.js:3322:25)
2026-07-29 19:51:03:     at async authenticateRequest (file:///opt/erp/dist/boot.js:139508:17)
2026-07-29 19:51:03:     at async Object.createContext (file:///opt/erp/dist/boot.js:139541:16)
2026-07-29 19:51:03:     at async Object.create (file:///opt/erp/dist/boot.js:100000:23)
2026-07-29 19:51:03:     at async resolveResponse (file:///opt/erp/dist/boot.js:100022:5)
2026-07-29 19:51:03:     at async fetchRequestHandler (file:///opt/erp/dist/boot.js:100338:10)
2026-07-29 19:51:03:     at async dispatch (file:///opt/erp/dist/boot.js:96435:17) {
2026-07-29 19:51:03:   code: 'ERR_JWS_SIGNATURE_VERIFICATION_FAILED'
2026-07-29 19:51:03: }
2026-07-29 19:51:14: [session] JWT verification failed: JWSSignatureVerificationFailed: signature verification failed
2026-07-29 19:51:14:     at flattenedVerify (file:///opt/erp/dist/boot.js:2781:11)
2026-07-29 19:51:14:     at async compactVerify (file:///opt/erp/dist/boot.js:2834:20)
2026-07-29 19:51:14:     at async jwtVerify (file:///opt/erp/dist/boot.js:3084:20)
2026-07-29 19:51:14:     at async verifySessionToken (file:///opt/erp/dist/boot.js:3322:25)
2026-07-29 19:51:14:     at async authenticateRequest (file:///opt/erp/dist/boot.js:139508:17)
2026-07-29 19:51:14:     at async Object.createContext (file:///opt/erp/dist/boot.js:139541:16)
2026-07-29 19:51:14:     at async Object.create (file:///opt/erp/dist/boot.js:100000:23)
2026-07-29 19:51:14:     at async resolveResponse (file:///opt/erp/dist/boot.js:100022:5)
2026-07-29 19:51:14:     at async fetchRequestHandler (file:///opt/erp/dist/boot.js:100338:10)
2026-07-29 19:51:14:     at async dispatch (file:///opt/erp/dist/boot.js:96435:17) {
2026-07-29 19:51:14:   code: 'ERR_JWS_SIGNATURE_VERIFICATION_FAILED'
2026-07-29 19:51:14: }
2026-07-29 19:52:22: [session] JWT verification failed: JWSSignatureVerificationFailed: signature verification failed
2026-07-29 19:52:22:     at flattenedVerify (file:///opt/erp/dist/boot.js:2781:11)
2026-07-29 19:52:22:     at async compactVerify (file:///opt/erp/dist/boot.js:2834:20)
2026-07-29 19:52:22:     at async jwtVerify (file:///opt/erp/dist/boot.js:3084:20)
2026-07-29 19:52:22:     at async verifySessionToken (file:///opt/erp/dist/boot.js:3322:25)
2026-07-29 19:52:22:     at async authenticateRequest (file:///opt/erp/dist/boot.js:139508:17)
2026-07-29 19:52:22:     at async Object.createContext (file:///opt/erp/dist/boot.js:139541:16)
2026-07-29 19:52:22:     at async Object.create (file:///opt/erp/dist/boot.js:100000:23)
2026-07-29 19:52:22:     at async resolveResponse (file:///opt/erp/dist/boot.js:100022:5)
2026-07-29 19:52:22:     at async fetchRequestHandler (file:///opt/erp/dist/boot.js:100338:10)
2026-07-29 19:52:22:     at async dispatch (file:///opt/erp/dist/boot.js:96435:17) {
2026-07-29 19:52:22:   code: 'ERR_JWS_SIGNATURE_VERIFICATION_FAILED'
2026-07-29 19:52:22: }
2026-07-29 19:53:23: [session] JWT verification failed: JWSSignatureVerificationFailed: signature verification failed
2026-07-29 19:53:23:     at flattenedVerify (file:///opt/erp/dist/boot.js:2781:11)
2026-07-29 19:53:23:     at async compactVerify (file:///opt/erp/dist/boot.js:2834:20)
2026-07-29 19:53:23:     at async jwtVerify (file:///opt/erp/dist/boot.js:3084:20)
2026-07-29 19:53:23:     at async verifySessionToken (file:///opt/erp/dist/boot.js:3322:25)
2026-07-29 19:53:23:     at async authenticateRequest (file:///opt/erp/dist/boot.js:139508:17)
2026-07-29 19:53:23:     at async Object.createContext (file:///opt/erp/dist/boot.js:139541:16)
2026-07-29 19:53:23:     at async Object.create (file:///opt/erp/dist/boot.js:100000:23)
2026-07-29 19:53:23:     at async resolveResponse (file:///opt/erp/dist/boot.js:100022:5)
2026-07-29 19:53:23:     at async fetchRequestHandler (file:///opt/erp/dist/boot.js:100338:10)
2026-07-29 19:53:23:     at async dispatch (file:///opt/erp/dist/boot.js:96435:17) {
2026-07-29 19:53:23:   code: 'ERR_JWS_SIGNATURE_VERIFICATION_FAILED'
2026-07-29 19:53:23: }
2026-07-29 19:54:22: [session] JWT verification failed: JWSSignatureVerificationFailed: signature verification failed
2026-07-29 19:54:22:     at flattenedVerify (file:///opt/erp/dist/boot.js:2781:11)
2026-07-29 19:54:22:     at async compactVerify (file:///opt/erp/dist/boot.js:2834:20)
2026-07-29 19:54:22:     at async jwtVerify (file:///opt/erp/dist/boot.js:3084:20)
2026-07-29 19:54:22:     at async verifySessionToken (file:///opt/erp/dist/boot.js:3322:25)
2026-07-29 19:54:22:     at async authenticateRequest (file:///opt/erp/dist/boot.js:139508:17)
2026-07-29 19:54:22:     at async Object.createContext (file:///opt/erp/dist/boot.js:139541:16)
2026-07-29 19:54:22:     at async Object.create (file:///opt/erp/dist/boot.js:100000:23)
2026-07-29 19:54:22:     at async resolveResponse (file:///opt/erp/dist/boot.js:100022:5)
2026-07-29 19:54:22:     at async fetchRequestHandler (file:///opt/erp/dist/boot.js:100338:10)
2026-07-29 19:54:22:     at async dispatch (file:///opt/erp/dist/boot.js:96435:17) {
2026-07-29 19:54:22:   code: 'ERR_JWS_SIGNATURE_VERIFICATION_FAILED'
2026-07-29 19:54:22: }
2026-07-29 19:55:23: [session] JWT verification failed: JWSSignatureVerificationFailed: signature verification failed
2026-07-29 19:55:23:     at flattenedVerify (file:///opt/erp/dist/boot.js:2781:11)
2026-07-29 19:55:23:     at async compactVerify (file:///opt/erp/dist/boot.js:2834:20)
2026-07-29 19:55:23:     at async jwtVerify (file:///opt/erp/dist/boot.js:3084:20)
2026-07-29 19:55:23:     at async verifySessionToken (file:///opt/erp/dist/boot.js:3322:25)
2026-07-29 19:55:23:     at async authenticateRequest (file:///opt/erp/dist/boot.js:139508:17)
2026-07-29 19:55:23:     at async Object.createContext (file:///opt/erp/dist/boot.js:139541:16)
2026-07-29 19:55:23:     at async Object.create (file:///opt/erp/dist/boot.js:100000:23)
2026-07-29 19:55:23:     at async resolveResponse (file:///opt/erp/dist/boot.js:100022:5)
2026-07-29 19:55:23:     at async fetchRequestHandler (file:///opt/erp/dist/boot.js:100338:10)
2026-07-29 19:55:23:     at async dispatch (file:///opt/erp/dist/boot.js:96435:17) {
2026-07-29 19:55:23:   code: 'ERR_JWS_SIGNATURE_VERIFICATION_FAILED'
2026-07-29 19:55:23: }
2026-07-29 19:56:22: [session] JWT verification failed: JWSSignatureVerificationFailed: signature verification failed
2026-07-29 19:56:22:     at flattenedVerify (file:///opt/erp/dist/boot.js:2781:11)
2026-07-29 19:56:22:     at async compactVerify (file:///opt/erp/dist/boot.js:2834:20)
2026-07-29 19:56:22:     at async jwtVerify (file:///opt/erp/dist/boot.js:3084:20)
2026-07-29 19:56:22:     at async verifySessionToken (file:///opt/erp/dist/boot.js:3322:25)
2026-07-29 19:56:22:     at async authenticateRequest (file:///opt/erp/dist/boot.js:139508:17)
2026-07-29 19:56:22:     at async Object.createContext (file:///opt/erp/dist/boot.js:139541:16)
2026-07-29 19:56:22:     at async Object.create (file:///opt/erp/dist/boot.js:100000:23)
2026-07-29 19:56:22:     at async resolveResponse (file:///opt/erp/dist/boot.js:100022:5)
2026-07-29 19:56:22:     at async fetchRequestHandler (file:///opt/erp/dist/boot.js:100338:10)
2026-07-29 19:56:22:     at async dispatch (file:///opt/erp/dist/boot.js:96435:17) {
2026-07-29 19:56:22:   code: 'ERR_JWS_SIGNATURE_VERIFICATION_FAILED'
2026-07-29 19:56:22: }
2026-07-29 19:57:22: [session] JWT verification failed: JWSSignatureVerificationFailed: signature verification failed
2026-07-29 19:57:22:     at flattenedVerify (file:///opt/erp/dist/boot.js:2781:11)
2026-07-29 19:57:22:     at async compactVerify (file:///opt/erp/dist/boot.js:2834:20)
2026-07-29 19:57:22:     at async jwtVerify (file:///opt/erp/dist/boot.js:3084:20)
2026-07-29 19:57:22:     at async verifySessionToken (file:///opt/erp/dist/boot.js:3322:25)
2026-07-29 19:57:22:     at async authenticateRequest (file:///opt/erp/dist/boot.js:139508:17)
2026-07-29 19:57:22:     at async Object.createContext (file:///opt/erp/dist/boot.js:139541:16)
2026-07-29 19:57:22:     at async Object.create (file:///opt/erp/dist/boot.js:100000:23)
2026-07-29 19:57:22:     at async resolveResponse (file:///opt/erp/dist/boot.js:100022:5)
2026-07-29 19:57:22:     at async fetchRequestHandler (file:///opt/erp/dist/boot.js:100338:10)
2026-07-29 19:57:22:     at async dispatch (file:///opt/erp/dist/boot.js:96435:17) {
2026-07-29 19:57:22:   code: 'ERR_JWS_SIGNATURE_VERIFICATION_FAILED'
2026-07-29 19:57:22: }
2026-07-29 19:58:22: [session] JWT verification failed: JWSSignatureVerificationFailed: signature verification failed
2026-07-29 19:58:22:     at flattenedVerify (file:///opt/erp/dist/boot.js:2781:11)
2026-07-29 19:58:22:     at async compactVerify (file:///opt/erp/dist/boot.js:2834:20)
2026-07-29 19:58:22:     at async jwtVerify (file:///opt/erp/dist/boot.js:3084:20)
2026-07-29 19:58:22:     at async verifySessionToken (file:///opt/erp/dist/boot.js:3322:25)
2026-07-29 19:58:22:     at async authenticateRequest (file:///opt/erp/dist/boot.js:139508:17)
2026-07-29 19:58:22:     at async Object.createContext (file:///opt/erp/dist/boot.js:139541:16)
2026-07-29 19:58:22:     at async Object.create (file:///opt/erp/dist/boot.js:100000:23)
2026-07-29 19:58:22:     at async resolveResponse (file:///opt/erp/dist/boot.js:100022:5)
2026-07-29 19:58:22:     at async fetchRequestHandler (file:///opt/erp/dist/boot.js:100338:10)
2026-07-29 19:58:22:     at async dispatch (file:///opt/erp/dist/boot.js:96435:17) {
2026-07-29 19:58:22:   code: 'ERR_JWS_SIGNATURE_VERIFICATION_FAILED'
2026-07-29 19:58:22: }
2026-07-29 19:58:42: [session] JWT verification failed: JWSSignatureVerificationFailed: signature verification failed
2026-07-29 19:58:42:     at flattenedVerify (file:///opt/erp/dist/boot.js:2781:11)
2026-07-29 19:58:42:     at async compactVerify (file:///opt/erp/dist/boot.js:2834:20)
2026-07-29 19:58:42:     at async jwtVerify (file:///opt/erp/dist/boot.js:3084:20)
2026-07-29 19:58:42:     at async verifySessionToken (file:///opt/erp/dist/boot.js:3322:25)
2026-07-29 19:58:42:     at async authenticateRequest (file:///opt/erp/dist/boot.js:139508:17)
2026-07-29 19:58:42:     at async Object.createContext (file:///opt/erp/dist/boot.js:139541:16)
2026-07-29 19:58:42:     at async Object.create (file:///opt/erp/dist/boot.js:100000:23)
2026-07-29 19:58:42:     at async resolveResponse (file:///opt/erp/dist/boot.js:100022:5)
2026-07-29 19:58:42:     at async fetchRequestHandler (file:///opt/erp/dist/boot.js:100338:10)
2026-07-29 19:58:42:     at async dispatch (file:///opt/erp/dist/boot.js:96435:17) {
2026-07-29 19:58:42:   code: 'ERR_JWS_SIGNATURE_VERIFICATION_FAILED'
2026-07-29 19:58:42: }
2026-07-29 19:59:14: [session] JWT verification failed: JWSSignatureVerificationFailed: signature verification failed
2026-07-29 19:59:14:     at flattenedVerify (file:///opt/erp/dist/boot.js:2781:11)
2026-07-29 19:59:14:     at async compactVerify (file:///opt/erp/dist/boot.js:2834:20)
2026-07-29 19:59:14:     at async jwtVerify (file:///opt/erp/dist/boot.js:3084:20)
2026-07-29 19:59:14:     at async verifySessionToken (file:///opt/erp/dist/boot.js:3322:25)
2026-07-29 19:59:14:     at async authenticateRequest (file:///opt/erp/dist/boot.js:139508:17)
2026-07-29 19:59:14:     at async Object.createContext (file:///opt/erp/dist/boot.js:139541:16)
2026-07-29 19:59:14:     at async Object.create (file:///opt/erp/dist/boot.js:100000:23)
2026-07-29 19:59:14:     at async resolveResponse (file:///opt/erp/dist/boot.js:100022:5)
2026-07-29 19:59:14:     at async fetchRequestHandler (file:///opt/erp/dist/boot.js:100338:10)
2026-07-29 19:59:14:     at async dispatch (file:///opt/erp/dist/boot.js:96435:17) {
2026-07-29 19:59:14:   code: 'ERR_JWS_SIGNATURE_VERIFICATION_FAILED'
2026-07-29 19:59:14: }
2026-07-29 20:00:24: [session] JWT verification failed: JWSSignatureVerificationFailed: signature verification failed
2026-07-29 20:00:24:     at flattenedVerify (file:///opt/erp/dist/boot.js:2781:11)
2026-07-29 20:00:24:     at async compactVerify (file:///opt/erp/dist/boot.js:2834:20)
2026-07-29 20:00:24:     at async jwtVerify (file:///opt/erp/dist/boot.js:3084:20)
2026-07-29 20:00:24:     at async verifySessionToken (file:///opt/erp/dist/boot.js:3322:25)
2026-07-29 20:00:24:     at async authenticateRequest (file:///opt/erp/dist/boot.js:139508:17)
2026-07-29 20:00:24:     at async Object.createContext (file:///opt/erp/dist/boot.js:139541:16)
2026-07-29 20:00:24:     at async Object.create (file:///opt/erp/dist/boot.js:100000:23)
2026-07-29 20:00:24:     at async resolveResponse (file:///opt/erp/dist/boot.js:100022:5)
2026-07-29 20:00:24:     at async fetchRequestHandler (file:///opt/erp/dist/boot.js:100338:10)
2026-07-29 20:00:24:     at async dispatch (file:///opt/erp/dist/boot.js:96435:17) {
2026-07-29 20:00:24:   code: 'ERR_JWS_SIGNATURE_VERIFICATION_FAILED'
2026-07-29 20:00:24: }
2026-07-29 20:01:22: [session] JWT verification failed: JWSSignatureVerificationFailed: signature verification failed
2026-07-29 20:01:22:     at flattenedVerify (file:///opt/erp/dist/boot.js:2781:11)
2026-07-29 20:01:22:     at async compactVerify (file:///opt/erp/dist/boot.js:2834:20)
2026-07-29 20:01:22:     at async jwtVerify (file:///opt/erp/dist/boot.js:3084:20)
2026-07-29 20:01:22:     at async verifySessionToken (file:///opt/erp/dist/boot.js:3322:25)
2026-07-29 20:01:22:     at async authenticateRequest (file:///opt/erp/dist/boot.js:139508:17)
2026-07-29 20:01:22:     at async Object.createContext (file:///opt/erp/dist/boot.js:139541:16)
2026-07-29 20:01:22:     at async Object.create (file:///opt/erp/dist/boot.js:100000:23)
2026-07-29 20:01:22:     at async resolveResponse (file:///opt/erp/dist/boot.js:100022:5)
2026-07-29 20:01:22:     at async fetchRequestHandler (file:///opt/erp/dist/boot.js:100338:10)
2026-07-29 20:01:22:     at async dispatch (file:///opt/erp/dist/boot.js:96435:17) {
2026-07-29 20:01:22:   code: 'ERR_JWS_SIGNATURE_VERIFICATION_FAILED'
2026-07-29 20:01:22: }
2026-07-29 20:02:14: [session] JWT verification failed: JWSSignatureVerificationFailed: signature verification failed
2026-07-29 20:02:14:     at flattenedVerify (file:///opt/erp/dist/boot.js:2781:11)
2026-07-29 20:02:14:     at async compactVerify (file:///opt/erp/dist/boot.js:2834:20)
2026-07-29 20:02:14:     at async jwtVerify (file:///opt/erp/dist/boot.js:3084:20)
2026-07-29 20:02:14:     at async verifySessionToken (file:///opt/erp/dist/boot.js:3322:25)
2026-07-29 20:02:14:     at async authenticateRequest (file:///opt/erp/dist/boot.js:139508:17)
2026-07-29 20:02:14:     at async Object.createContext (file:///opt/erp/dist/boot.js:139541:16)
2026-07-29 20:02:14:     at async Object.create (file:///opt/erp/dist/boot.js:100000:23)
2026-07-29 20:02:14:     at async resolveResponse (file:///opt/erp/dist/boot.js:100022:5)
2026-07-29 20:02:14:     at async fetchRequestHandler (file:///opt/erp/dist/boot.js:100338:10)
2026-07-29 20:02:14:     at async dispatch (file:///opt/erp/dist/boot.js:96435:17) {
2026-07-29 20:02:14:   code: 'ERR_JWS_SIGNATURE_VERIFICATION_FAILED'
2026-07-29 20:02:14: }
2026-07-29 20:03:22: [session] JWT verification failed: JWSSignatureVerificationFailed: signature verification failed
2026-07-29 20:03:22:     at flattenedVerify (file:///opt/erp/dist/boot.js:2781:11)
2026-07-29 20:03:22:     at async compactVerify (file:///opt/erp/dist/boot.js:2834:20)
2026-07-29 20:03:22:     at async jwtVerify (file:///opt/erp/dist/boot.js:3084:20)
2026-07-29 20:03:22:     at async verifySessionToken (file:///opt/erp/dist/boot.js:3322:25)
2026-07-29 20:03:22:     at async authenticateRequest (file:///opt/erp/dist/boot.js:139508:17)
2026-07-29 20:03:22:     at async Object.createContext (file:///opt/erp/dist/boot.js:139541:16)
2026-07-29 20:03:22:     at async Object.create (file:///opt/erp/dist/boot.js:100000:23)
2026-07-29 20:03:22:     at async resolveResponse (file:///opt/erp/dist/boot.js:100022:5)
2026-07-29 20:03:22:     at async fetchRequestHandler (file:///opt/erp/dist/boot.js:100338:10)
2026-07-29 20:03:22:     at async dispatch (file:///opt/erp/dist/boot.js:96435:17) {
2026-07-29 20:03:22:   code: 'ERR_JWS_SIGNATURE_VERIFICATION_FAILED'
2026-07-29 20:03:22: }
2026-07-29 20:04:13: [session] JWT verification failed: JWSSignatureVerificationFailed: signature verification failed
2026-07-29 20:04:13:     at flattenedVerify (file:///opt/erp/dist/boot.js:2781:11)
2026-07-29 20:04:13:     at async compactVerify (file:///opt/erp/dist/boot.js:2834:20)
2026-07-29 20:04:13:     at async jwtVerify (file:///opt/erp/dist/boot.js:3084:20)
2026-07-29 20:04:13:     at async verifySessionToken (file:///opt/erp/dist/boot.js:3322:25)
2026-07-29 20:04:13:     at async authenticateRequest (file:///opt/erp/dist/boot.js:139508:17)
2026-07-29 20:04:13:     at async Object.createContext (file:///opt/erp/dist/boot.js:139541:16)
2026-07-29 20:04:13:     at async Object.create (file:///opt/erp/dist/boot.js:100000:23)
2026-07-29 20:04:13:     at async resolveResponse (file:///opt/erp/dist/boot.js:100022:5)
2026-07-29 20:04:13:     at async fetchRequestHandler (file:///opt/erp/dist/boot.js:100338:10)
2026-07-29 20:04:13:     at async dispatch (file:///opt/erp/dist/boot.js:96435:17) {
2026-07-29 20:04:13:   code: 'ERR_JWS_SIGNATURE_VERIFICATION_FAILED'
2026-07-29 20:04:13: }
2026-07-29 20:04:13: [session] JWT verification failed: JWSSignatureVerificationFailed: signature verification failed
2026-07-29 20:04:13:     at flattenedVerify (file:///opt/erp/dist/boot.js:2781:11)
2026-07-29 20:04:13:     at async compactVerify (file:///opt/erp/dist/boot.js:2834:20)
2026-07-29 20:04:13:     at async jwtVerify (file:///opt/erp/dist/boot.js:3084:20)
2026-07-29 20:04:13:     at async verifySessionToken (file:///opt/erp/dist/boot.js:3322:25)
2026-07-29 20:04:13:     at async authenticateRequest (file:///opt/erp/dist/boot.js:139508:17)
2026-07-29 20:04:13:     at async Object.createContext (file:///opt/erp/dist/boot.js:139541:16)
2026-07-29 20:04:13:     at async Object.create (file:///opt/erp/dist/boot.js:100000:23)
2026-07-29 20:04:13:     at async resolveResponse (file:///opt/erp/dist/boot.js:100022:5)
2026-07-29 20:04:13:     at async fetchRequestHandler (file:///opt/erp/dist/boot.js:100338:10)
2026-07-29 20:04:13:     at async dispatch (file:///opt/erp/dist/boot.js:96435:17) {
2026-07-29 20:04:13:   code: 'ERR_JWS_SIGNATURE_VERIFICATION_FAILED'
2026-07-29 20:04:13: }
2026-07-29 20:05:13: [session] JWT verification failed: JWSSignatureVerificationFailed: signature verification failed
2026-07-29 20:05:13:     at flattenedVerify (file:///opt/erp/dist/boot.js:2781:11)
2026-07-29 20:05:13:     at async compactVerify (file:///opt/erp/dist/boot.js:2834:20)
2026-07-29 20:05:13:     at async jwtVerify (file:///opt/erp/dist/boot.js:3084:20)
2026-07-29 20:05:13:     at async verifySessionToken (file:///opt/erp/dist/boot.js:3322:25)
2026-07-29 20:05:13:     at async authenticateRequest (file:///opt/erp/dist/boot.js:139508:17)
2026-07-29 20:05:13:     at async Object.createContext (file:///opt/erp/dist/boot.js:139541:16)
2026-07-29 20:05:13:     at async Object.create (file:///opt/erp/dist/boot.js:100000:23)
2026-07-29 20:05:13:     at async resolveResponse (file:///opt/erp/dist/boot.js:100022:5)
2026-07-29 20:05:13:     at async fetchRequestHandler (file:///opt/erp/dist/boot.js:100338:10)
2026-07-29 20:05:13:     at async dispatch (file:///opt/erp/dist/boot.js:96435:17) {
2026-07-29 20:05:13:   code: 'ERR_JWS_SIGNATURE_VERIFICATION_FAILED'
2026-07-29 20:05:13: }
2026-07-29 20:06:13: [session] JWT verification failed: JWSSignatureVerificationFailed: signature verification failed
2026-07-29 20:06:13:     at flattenedVerify (file:///opt/erp/dist/boot.js:2781:11)
2026-07-29 20:06:13:     at async compactVerify (file:///opt/erp/dist/boot.js:2834:20)
2026-07-29 20:06:13:     at async jwtVerify (file:///opt/erp/dist/boot.js:3084:20)
2026-07-29 20:06:13:     at async verifySessionToken (file:///opt/erp/dist/boot.js:3322:25)
2026-07-29 20:06:13:     at async authenticateRequest (file:///opt/erp/dist/boot.js:139508:17)
2026-07-29 20:06:13:     at async Object.createContext (file:///opt/erp/dist/boot.js:139541:16)
2026-07-29 20:06:13:     at async Object.create (file:///opt/erp/dist/boot.js:100000:23)
2026-07-29 20:06:13:     at async resolveResponse (file:///opt/erp/dist/boot.js:100022:5)
2026-07-29 20:06:13:     at async fetchRequestHandler (file:///opt/erp/dist/boot.js:100338:10)
2026-07-29 20:06:13:     at async dispatch (file:///opt/erp/dist/boot.js:96435:17) {
2026-07-29 20:06:13:   code: 'ERR_JWS_SIGNATURE_VERIFICATION_FAILED'
2026-07-29 20:06:13: }
2026-07-29 20:07:16: [session] JWT verification failed: JWSSignatureVerificationFailed: signature verification failed
2026-07-29 20:07:16:     at flattenedVerify (file:///opt/erp/dist/boot.js:2781:11)
2026-07-29 20:07:16:     at async compactVerify (file:///opt/erp/dist/boot.js:2834:20)
2026-07-29 20:07:16:     at async jwtVerify (file:///opt/erp/dist/boot.js:3084:20)
2026-07-29 20:07:16:     at async verifySessionToken (file:///opt/erp/dist/boot.js:3322:25)
2026-07-29 20:07:16:     at async authenticateRequest (file:///opt/erp/dist/boot.js:139508:17)
2026-07-29 20:07:16:     at async Object.createContext (file:///opt/erp/dist/boot.js:139541:16)
2026-07-29 20:07:16:     at async Object.create (file:///opt/erp/dist/boot.js:100000:23)
2026-07-29 20:07:16:     at async resolveResponse (file:///opt/erp/dist/boot.js:100022:5)
2026-07-29 20:07:16:     at async fetchRequestHandler (file:///opt/erp/dist/boot.js:100338:10)
2026-07-29 20:07:16:     at async dispatch (file:///opt/erp/dist/boot.js:96435:17) {
2026-07-29 20:07:16:   code: 'ERR_JWS_SIGNATURE_VERIFICATION_FAILED'
2026-07-29 20:07:16: }
2026-07-29 20:08:22: [session] JWT verification failed: JWSSignatureVerificationFailed: signature verification failed
2026-07-29 20:08:22:     at flattenedVerify (file:///opt/erp/dist/boot.js:2781:11)
2026-07-29 20:08:22:     at async compactVerify (file:///opt/erp/dist/boot.js:2834:20)
2026-07-29 20:08:22:     at async jwtVerify (file:///opt/erp/dist/boot.js:3084:20)
2026-07-29 20:08:22:     at async verifySessionToken (file:///opt/erp/dist/boot.js:3322:25)
2026-07-29 20:08:22:     at async authenticateRequest (file:///opt/erp/dist/boot.js:139508:17)
2026-07-29 20:08:22:     at async Object.createContext (file:///opt/erp/dist/boot.js:139541:16)
2026-07-29 20:08:22:     at async Object.create (file:///opt/erp/dist/boot.js:100000:23)
2026-07-29 20:08:22:     at async resolveResponse (file:///opt/erp/dist/boot.js:100022:5)
2026-07-29 20:08:22:     at async fetchRequestHandler (file:///opt/erp/dist/boot.js:100338:10)
2026-07-29 20:08:22:     at async dispatch (file:///opt/erp/dist/boot.js:96435:17) {
2026-07-29 20:08:22:   code: 'ERR_JWS_SIGNATURE_VERIFICATION_FAILED'
2026-07-29 20:08:22: }
2026-07-29 20:09:15: [session] JWT verification failed: JWSSignatureVerificationFailed: signature verification failed
2026-07-29 20:09:15:     at flattenedVerify (file:///opt/erp/dist/boot.js:2781:11)
2026-07-29 20:09:15:     at async compactVerify (file:///opt/erp/dist/boot.js:2834:20)
2026-07-29 20:09:15:     at async jwtVerify (file:///opt/erp/dist/boot.js:3084:20)
2026-07-29 20:09:15:     at async verifySessionToken (file:///opt/erp/dist/boot.js:3322:25)
2026-07-29 20:09:15:     at async authenticateRequest (file:///opt/erp/dist/boot.js:139508:17)
2026-07-29 20:09:15:     at async Object.createContext (file:///opt/erp/dist/boot.js:139541:16)
2026-07-29 20:09:15:     at async Object.create (file:///opt/erp/dist/boot.js:100000:23)
2026-07-29 20:09:15:     at async resolveResponse (file:///opt/erp/dist/boot.js:100022:5)
2026-07-29 20:09:15:     at async fetchRequestHandler (file:///opt/erp/dist/boot.js:100338:10)
2026-07-29 20:09:15:     at async dispatch (file:///opt/erp/dist/boot.js:96435:17) {
2026-07-29 20:09:15:   code: 'ERR_JWS_SIGNATURE_VERIFICATION_FAILED'
2026-07-29 20:09:15: }
2026-07-29 20:10:12: [session] JWT verification failed: JWSSignatureVerificationFailed: signature verification failed
2026-07-29 20:10:12:     at flattenedVerify (file:///opt/erp/dist/boot.js:2781:11)
2026-07-29 20:10:12:     at async compactVerify (file:///opt/erp/dist/boot.js:2834:20)
2026-07-29 20:10:12:     at async jwtVerify (file:///opt/erp/dist/boot.js:3084:20)
2026-07-29 20:10:12:     at async verifySessionToken (file:///opt/erp/dist/boot.js:3322:25)
2026-07-29 20:10:12:     at async authenticateRequest (file:///opt/erp/dist/boot.js:139508:17)
2026-07-29 20:10:12:     at async Object.createContext (file:///opt/erp/dist/boot.js:139541:16)
2026-07-29 20:10:12:     at async Object.create (file:///opt/erp/dist/boot.js:100000:23)
2026-07-29 20:10:12:     at async resolveResponse (file:///opt/erp/dist/boot.js:100022:5)
2026-07-29 20:10:12:     at async fetchRequestHandler (file:///opt/erp/dist/boot.js:100338:10)
2026-07-29 20:10:12:     at async dispatch (file:///opt/erp/dist/boot.js:96435:17) {
2026-07-29 20:10:12:   code: 'ERR_JWS_SIGNATURE_VERIFICATION_FAILED'
2026-07-29 20:10:12: }
2026-07-29 20:11:15: [session] JWT verification failed: JWSSignatureVerificationFailed: signature verification failed
2026-07-29 20:11:15:     at flattenedVerify (file:///opt/erp/dist/boot.js:2781:11)
2026-07-29 20:11:15:     at async compactVerify (file:///opt/erp/dist/boot.js:2834:20)
2026-07-29 20:11:15:     at async jwtVerify (file:///opt/erp/dist/boot.js:3084:20)
2026-07-29 20:11:15:     at async verifySessionToken (file:///opt/erp/dist/boot.js:3322:25)
2026-07-29 20:11:15:     at async authenticateRequest (file:///opt/erp/dist/boot.js:139508:17)
2026-07-29 20:11:15:     at async Object.createContext (file:///opt/erp/dist/boot.js:139541:16)
2026-07-29 20:11:15:     at async Object.create (file:///opt/erp/dist/boot.js:100000:23)
2026-07-29 20:11:15:     at async resolveResponse (file:///opt/erp/dist/boot.js:100022:5)
2026-07-29 20:11:15:     at async fetchRequestHandler (file:///opt/erp/dist/boot.js:100338:10)
2026-07-29 20:11:15:     at async dispatch (file:///opt/erp/dist/boot.js:96435:17) {
2026-07-29 20:11:15:   code: 'ERR_JWS_SIGNATURE_VERIFICATION_FAILED'
2026-07-29 20:11:15: }
2026-07-29 20:12:14: [session] JWT verification failed: JWSSignatureVerificationFailed: signature verification failed
2026-07-29 20:12:14:     at flattenedVerify (file:///opt/erp/dist/boot.js:2781:11)
2026-07-29 20:12:14:     at async compactVerify (file:///opt/erp/dist/boot.js:2834:20)
2026-07-29 20:12:14:     at async jwtVerify (file:///opt/erp/dist/boot.js:3084:20)
2026-07-29 20:12:14:     at async verifySessionToken (file:///opt/erp/dist/boot.js:3322:25)
2026-07-29 20:12:14:     at async authenticateRequest (file:///opt/erp/dist/boot.js:139508:17)
2026-07-29 20:12:14:     at async Object.createContext (file:///opt/erp/dist/boot.js:139541:16)
2026-07-29 20:12:14:     at async Object.create (file:///opt/erp/dist/boot.js:100000:23)
2026-07-29 20:12:14:     at async resolveResponse (file:///opt/erp/dist/boot.js:100022:5)
2026-07-29 20:12:14:     at async fetchRequestHandler (file:///opt/erp/dist/boot.js:100338:10)
2026-07-29 20:12:14:     at async dispatch (file:///opt/erp/dist/boot.js:96435:17) {
2026-07-29 20:12:14:   code: 'ERR_JWS_SIGNATURE_VERIFICATION_FAILED'
2026-07-29 20:12:14: }
2026-07-29 20:13:12: [session] JWT verification failed: JWSSignatureVerificationFailed: signature verification failed
2026-07-29 20:13:12:     at flattenedVerify (file:///opt/erp/dist/boot.js:2781:11)
2026-07-29 20:13:12:     at async compactVerify (file:///opt/erp/dist/boot.js:2834:20)
2026-07-29 20:13:12:     at async jwtVerify (file:///opt/erp/dist/boot.js:3084:20)
2026-07-29 20:13:12:     at async verifySessionToken (file:///opt/erp/dist/boot.js:3322:25)
2026-07-29 20:13:12:     at async authenticateRequest (file:///opt/erp/dist/boot.js:139508:17)
2026-07-29 20:13:12:     at async Object.createContext (file:///opt/erp/dist/boot.js:139541:16)
2026-07-29 20:13:12:     at async Object.create (file:///opt/erp/dist/boot.js:100000:23)
2026-07-29 20:13:12:     at async resolveResponse (file:///opt/erp/dist/boot.js:100022:5)
2026-07-29 20:13:12:     at async fetchRequestHandler (file:///opt/erp/dist/boot.js:100338:10)
2026-07-29 20:13:12:     at async dispatch (file:///opt/erp/dist/boot.js:96435:17) {
2026-07-29 20:13:12:   code: 'ERR_JWS_SIGNATURE_VERIFICATION_FAILED'
2026-07-29 20:13:12: }
2026-07-29 20:14:12: [session] JWT verification failed: JWSSignatureVerificationFailed: signature verification failed
2026-07-29 20:14:12:     at flattenedVerify (file:///opt/erp/dist/boot.js:2781:11)
2026-07-29 20:14:12:     at async compactVerify (file:///opt/erp/dist/boot.js:2834:20)
2026-07-29 20:14:12:     at async jwtVerify (file:///opt/erp/dist/boot.js:3084:20)
2026-07-29 20:14:12:     at async verifySessionToken (file:///opt/erp/dist/boot.js:3322:25)
2026-07-29 20:14:12:     at async authenticateRequest (file:///opt/erp/dist/boot.js:139508:17)
2026-07-29 20:14:12:     at async Object.createContext (file:///opt/erp/dist/boot.js:139541:16)
2026-07-29 20:14:12:     at async Object.create (file:///opt/erp/dist/boot.js:100000:23)
2026-07-29 20:14:12:     at async resolveResponse (file:///opt/erp/dist/boot.js:100022:5)
2026-07-29 20:14:12:     at async fetchRequestHandler (file:///opt/erp/dist/boot.js:100338:10)
2026-07-29 20:14:12:     at async dispatch (file:///opt/erp/dist/boot.js:96435:17) {
2026-07-29 20:14:12:   code: 'ERR_JWS_SIGNATURE_VERIFICATION_FAILED'
2026-07-29 20:14:12: }
2026-07-29 20:15:12: [session] JWT verification failed: JWSSignatureVerificationFailed: signature verification failed
2026-07-29 20:15:12:     at flattenedVerify (file:///opt/erp/dist/boot.js:2781:11)
2026-07-29 20:15:12:     at async compactVerify (file:///opt/erp/dist/boot.js:2834:20)
2026-07-29 20:15:12:     at async jwtVerify (file:///opt/erp/dist/boot.js:3084:20)
2026-07-29 20:15:12:     at async verifySessionToken (file:///opt/erp/dist/boot.js:3322:25)
2026-07-29 20:15:12:     at async authenticateRequest (file:///opt/erp/dist/boot.js:139508:17)
2026-07-29 20:15:12:     at async Object.createContext (file:///opt/erp/dist/boot.js:139541:16)
2026-07-29 20:15:12:     at async Object.create (file:///opt/erp/dist/boot.js:100000:23)
2026-07-29 20:15:12:     at async resolveResponse (file:///opt/erp/dist/boot.js:100022:5)
2026-07-29 20:15:12:     at async fetchRequestHandler (file:///opt/erp/dist/boot.js:100338:10)
2026-07-29 20:15:12:     at async dispatch (file:///opt/erp/dist/boot.js:96435:17) {
2026-07-29 20:15:12:   code: 'ERR_JWS_SIGNATURE_VERIFICATION_FAILED'
2026-07-29 20:15:12: }
2026-07-29 20:16:12: [session] JWT verification failed: JWSSignatureVerificationFailed: signature verification failed
2026-07-29 20:16:12:     at flattenedVerify (file:///opt/erp/dist/boot.js:2781:11)
2026-07-29 20:16:12:     at async compactVerify (file:///opt/erp/dist/boot.js:2834:20)
2026-07-29 20:16:12:     at async jwtVerify (file:///opt/erp/dist/boot.js:3084:20)
2026-07-29 20:16:12:     at async verifySessionToken (file:///opt/erp/dist/boot.js:3322:25)
2026-07-29 20:16:12:     at async authenticateRequest (file:///opt/erp/dist/boot.js:139508:17)
2026-07-29 20:16:12:     at async Object.createContext (file:///opt/erp/dist/boot.js:139541:16)
2026-07-29 20:16:12:     at async Object.create (file:///opt/erp/dist/boot.js:100000:23)
2026-07-29 20:16:12:     at async resolveResponse (file:///opt/erp/dist/boot.js:100022:5)
2026-07-29 20:16:12:     at async fetchRequestHandler (file:///opt/erp/dist/boot.js:100338:10)
2026-07-29 20:16:12:     at async dispatch (file:///opt/erp/dist/boot.js:96435:17) {
2026-07-29 20:16:12:   code: 'ERR_JWS_SIGNATURE_VERIFICATION_FAILED'
2026-07-29 20:16:12: }
2026-07-29 20:17:12: [session] JWT verification failed: JWSSignatureVerificationFailed: signature verification failed
2026-07-29 20:17:12:     at flattenedVerify (file:///opt/erp/dist/boot.js:2781:11)
2026-07-29 20:17:12:     at async compactVerify (file:///opt/erp/dist/boot.js:2834:20)
2026-07-29 20:17:12:     at async jwtVerify (file:///opt/erp/dist/boot.js:3084:20)
2026-07-29 20:17:12:     at async verifySessionToken (file:///opt/erp/dist/boot.js:3322:25)
2026-07-29 20:17:12:     at async authenticateRequest (file:///opt/erp/dist/boot.js:139508:17)
2026-07-29 20:17:12:     at async Object.createContext (file:///opt/erp/dist/boot.js:139541:16)
2026-07-29 20:17:12:     at async Object.create (file:///opt/erp/dist/boot.js:100000:23)
2026-07-29 20:17:12:     at async resolveResponse (file:///opt/erp/dist/boot.js:100022:5)
2026-07-29 20:17:12:     at async fetchRequestHandler (file:///opt/erp/dist/boot.js:100338:10)
2026-07-29 20:17:12:     at async dispatch (file:///opt/erp/dist/boot.js:96435:17) {
2026-07-29 20:17:12:   code: 'ERR_JWS_SIGNATURE_VERIFICATION_FAILED'
2026-07-29 20:17:12: }
2026-07-29 20:18:12: [session] JWT verification failed: JWSSignatureVerificationFailed: signature verification failed
2026-07-29 20:18:12:     at flattenedVerify (file:///opt/erp/dist/boot.js:2781:11)
2026-07-29 20:18:12:     at async compactVerify (file:///opt/erp/dist/boot.js:2834:20)
2026-07-29 20:18:12:     at async jwtVerify (file:///opt/erp/dist/boot.js:3084:20)
2026-07-29 20:18:12:     at async verifySessionToken (file:///opt/erp/dist/boot.js:3322:25)
2026-07-29 20:18:12:     at async authenticateRequest (file:///opt/erp/dist/boot.js:139508:17)
2026-07-29 20:18:12:     at async Object.createContext (file:///opt/erp/dist/boot.js:139541:16)
2026-07-29 20:18:12:     at async Object.create (file:///opt/erp/dist/boot.js:100000:23)
2026-07-29 20:18:12:     at async resolveResponse (file:///opt/erp/dist/boot.js:100022:5)
2026-07-29 20:18:12:     at async fetchRequestHandler (file:///opt/erp/dist/boot.js:100338:10)
2026-07-29 20:18:12:     at async dispatch (file:///opt/erp/dist/boot.js:96435:17) {
2026-07-29 20:18:12:   code: 'ERR_JWS_SIGNATURE_VERIFICATION_FAILED'
2026-07-29 20:18:12: }
2026-07-29 20:19:15: [session] JWT verification failed: JWSSignatureVerificationFailed: signature verification failed
2026-07-29 20:19:15:     at flattenedVerify (file:///opt/erp/dist/boot.js:2781:11)
2026-07-29 20:19:15:     at async compactVerify (file:///opt/erp/dist/boot.js:2834:20)
2026-07-29 20:19:15:     at async jwtVerify (file:///opt/erp/dist/boot.js:3084:20)
2026-07-29 20:19:15:     at async verifySessionToken (file:///opt/erp/dist/boot.js:3322:25)
2026-07-29 20:19:15:     at async authenticateRequest (file:///opt/erp/dist/boot.js:139508:17)
2026-07-29 20:19:15:     at async Object.createContext (file:///opt/erp/dist/boot.js:139541:16)
2026-07-29 20:19:15:     at async Object.create (file:///opt/erp/dist/boot.js:100000:23)
2026-07-29 20:19:15:     at async resolveResponse (file:///opt/erp/dist/boot.js:100022:5)
2026-07-29 20:19:15:     at async fetchRequestHandler (file:///opt/erp/dist/boot.js:100338:10)
2026-07-29 20:19:15:     at async dispatch (file:///opt/erp/dist/boot.js:96435:17) {
2026-07-29 20:19:15:   code: 'ERR_JWS_SIGNATURE_VERIFICATION_FAILED'
2026-07-29 20:19:15: }
2026-07-29 20:20:15: [session] JWT verification failed: JWSSignatureVerificationFailed: signature verification failed
2026-07-29 20:20:15:     at flattenedVerify (file:///opt/erp/dist/boot.js:2781:11)
2026-07-29 20:20:15:     at async compactVerify (file:///opt/erp/dist/boot.js:2834:20)
2026-07-29 20:20:15:     at async jwtVerify (file:///opt/erp/dist/boot.js:3084:20)
2026-07-29 20:20:15:     at async verifySessionToken (file:///opt/erp/dist/boot.js:3322:25)
2026-07-29 20:20:15:     at async authenticateRequest (file:///opt/erp/dist/boot.js:139508:17)
2026-07-29 20:20:15:     at async Object.createContext (file:///opt/erp/dist/boot.js:139541:16)
2026-07-29 20:20:15:     at async Object.create (file:///opt/erp/dist/boot.js:100000:23)
2026-07-29 20:20:15:     at async resolveResponse (file:///opt/erp/dist/boot.js:100022:5)
2026-07-29 20:20:15:     at async fetchRequestHandler (file:///opt/erp/dist/boot.js:100338:10)
2026-07-29 20:20:15:     at async dispatch (file:///opt/erp/dist/boot.js:96435:17) {
2026-07-29 20:20:15:   code: 'ERR_JWS_SIGNATURE_VERIFICATION_FAILED'
2026-07-29 20:20:15: }
2026-07-29 20:21:15: [session] JWT verification failed: JWSSignatureVerificationFailed: signature verification failed
2026-07-29 20:21:15:     at flattenedVerify (file:///opt/erp/dist/boot.js:2781:11)
2026-07-29 20:21:15:     at async compactVerify (file:///opt/erp/dist/boot.js:2834:20)
2026-07-29 20:21:15:     at async jwtVerify (file:///opt/erp/dist/boot.js:3084:20)
2026-07-29 20:21:15:     at async verifySessionToken (file:///opt/erp/dist/boot.js:3322:25)
2026-07-29 20:21:15:     at async authenticateRequest (file:///opt/erp/dist/boot.js:139508:17)
2026-07-29 20:21:15:     at async Object.createContext (file:///opt/erp/dist/boot.js:139541:16)
2026-07-29 20:21:15:     at async Object.create (file:///opt/erp/dist/boot.js:100000:23)
2026-07-29 20:21:15:     at async resolveResponse (file:///opt/erp/dist/boot.js:100022:5)
2026-07-29 20:21:15:     at async fetchRequestHandler (file:///opt/erp/dist/boot.js:100338:10)
2026-07-29 20:21:15:     at async dispatch (file:///opt/erp/dist/boot.js:96435:17) {
2026-07-29 20:21:15:   code: 'ERR_JWS_SIGNATURE_VERIFICATION_FAILED'
2026-07-29 20:21:15: }
2026-07-29 20:22:13: [session] JWT verification failed: JWSSignatureVerificationFailed: signature verification failed
2026-07-29 20:22:13:     at flattenedVerify (file:///opt/erp/dist/boot.js:2781:11)
2026-07-29 20:22:13:     at async compactVerify (file:///opt/erp/dist/boot.js:2834:20)
2026-07-29 20:22:13:     at async jwtVerify (file:///opt/erp/dist/boot.js:3084:20)
2026-07-29 20:22:13:     at async verifySessionToken (file:///opt/erp/dist/boot.js:3322:25)
2026-07-29 20:22:13:     at async authenticateRequest (file:///opt/erp/dist/boot.js:139508:17)
2026-07-29 20:22:13:     at async Object.createContext (file:///opt/erp/dist/boot.js:139541:16)
2026-07-29 20:22:13:     at async Object.create (file:///opt/erp/dist/boot.js:100000:23)
2026-07-29 20:22:13:     at async resolveResponse (file:///opt/erp/dist/boot.js:100022:5)
2026-07-29 20:22:13:     at async fetchRequestHandler (file:///opt/erp/dist/boot.js:100338:10)
2026-07-29 20:22:13:     at async dispatch (file:///opt/erp/dist/boot.js:96435:17) {
2026-07-29 20:22:13:   code: 'ERR_JWS_SIGNATURE_VERIFICATION_FAILED'
2026-07-29 20:22:13: }
2026-07-29 20:23:12: [session] JWT verification failed: JWSSignatureVerificationFailed: signature verification failed
2026-07-29 20:23:12:     at flattenedVerify (file:///opt/erp/dist/boot.js:2781:11)
2026-07-29 20:23:12:     at async compactVerify (file:///opt/erp/dist/boot.js:2834:20)
2026-07-29 20:23:12:     at async jwtVerify (file:///opt/erp/dist/boot.js:3084:20)
2026-07-29 20:23:12:     at async verifySessionToken (file:///opt/erp/dist/boot.js:3322:25)
2026-07-29 20:23:12:     at async authenticateRequest (file:///opt/erp/dist/boot.js:139508:17)
2026-07-29 20:23:12:     at async Object.createContext (file:///opt/erp/dist/boot.js:139541:16)
2026-07-29 20:23:12:     at async Object.create (file:///opt/erp/dist/boot.js:100000:23)
2026-07-29 20:23:12:     at async resolveResponse (file:///opt/erp/dist/boot.js:100022:5)
2026-07-29 20:23:12:     at async fetchRequestHandler (file:///opt/erp/dist/boot.js:100338:10)
2026-07-29 20:23:12:     at async dispatch (file:///opt/erp/dist/boot.js:96435:17) {
2026-07-29 20:23:12:   code: 'ERR_JWS_SIGNATURE_VERIFICATION_FAILED'
2026-07-29 20:23:12: }
2026-07-29 20:24:13: [session] JWT verification failed: JWSSignatureVerificationFailed: signature verification failed
2026-07-29 20:24:13:     at flattenedVerify (file:///opt/erp/dist/boot.js:2781:11)
2026-07-29 20:24:13:     at async compactVerify (file:///opt/erp/dist/boot.js:2834:20)
2026-07-29 20:24:13:     at async jwtVerify (file:///opt/erp/dist/boot.js:3084:20)
2026-07-29 20:24:13:     at async verifySessionToken (file:///opt/erp/dist/boot.js:3322:25)
2026-07-29 20:24:13:     at async authenticateRequest (file:///opt/erp/dist/boot.js:139508:17)
2026-07-29 20:24:13:     at async Object.createContext (file:///opt/erp/dist/boot.js:139541:16)
2026-07-29 20:24:13:     at async Object.create (file:///opt/erp/dist/boot.js:100000:23)
2026-07-29 20:24:13:     at async resolveResponse (file:///opt/erp/dist/boot.js:100022:5)
2026-07-29 20:24:13:     at async fetchRequestHandler (file:///opt/erp/dist/boot.js:100338:10)
2026-07-29 20:24:13:     at async dispatch (file:///opt/erp/dist/boot.js:96435:17) {
2026-07-29 20:24:13:   code: 'ERR_JWS_SIGNATURE_VERIFICATION_FAILED'
2026-07-29 20:24:13: }
2026-07-29 20:25:12: [session] JWT verification failed: JWSSignatureVerificationFailed: signature verification failed
2026-07-29 20:25:12:     at flattenedVerify (file:///opt/erp/dist/boot.js:2781:11)
2026-07-29 20:25:12:     at async compactVerify (file:///opt/erp/dist/boot.js:2834:20)
2026-07-29 20:25:12:     at async jwtVerify (file:///opt/erp/dist/boot.js:3084:20)
2026-07-29 20:25:12:     at async verifySessionToken (file:///opt/erp/dist/boot.js:3322:25)
2026-07-29 20:25:12:     at async authenticateRequest (file:///opt/erp/dist/boot.js:139508:17)
2026-07-29 20:25:12:     at async Object.createContext (file:///opt/erp/dist/boot.js:139541:16)
2026-07-29 20:25:12:     at async Object.create (file:///opt/erp/dist/boot.js:100000:23)
2026-07-29 20:25:12:     at async resolveResponse (file:///opt/erp/dist/boot.js:100022:5)
2026-07-29 20:25:12:     at async fetchRequestHandler (file:///opt/erp/dist/boot.js:100338:10)
2026-07-29 20:25:12:     at async dispatch (file:///opt/erp/dist/boot.js:96435:17) {
2026-07-29 20:25:12:   code: 'ERR_JWS_SIGNATURE_VERIFICATION_FAILED'
2026-07-29 20:25:12: }
2026-07-29 20:26:12: [session] JWT verification failed: JWSSignatureVerificationFailed: signature verification failed
2026-07-29 20:26:12:     at flattenedVerify (file:///opt/erp/dist/boot.js:2781:11)
2026-07-29 20:26:12:     at async compactVerify (file:///opt/erp/dist/boot.js:2834:20)
2026-07-29 20:26:12:     at async jwtVerify (file:///opt/erp/dist/boot.js:3084:20)
2026-07-29 20:26:12:     at async verifySessionToken (file:///opt/erp/dist/boot.js:3322:25)
2026-07-29 20:26:12:     at async authenticateRequest (file:///opt/erp/dist/boot.js:139508:17)
2026-07-29 20:26:12:     at async Object.createContext (file:///opt/erp/dist/boot.js:139541:16)
2026-07-29 20:26:12:     at async Object.create (file:///opt/erp/dist/boot.js:100000:23)
2026-07-29 20:26:12:     at async resolveResponse (file:///opt/erp/dist/boot.js:100022:5)
2026-07-29 20:26:12:     at async fetchRequestHandler (file:///opt/erp/dist/boot.js:100338:10)
2026-07-29 20:26:12:     at async dispatch (file:///opt/erp/dist/boot.js:96435:17) {
2026-07-29 20:26:12:   code: 'ERR_JWS_SIGNATURE_VERIFICATION_FAILED'
2026-07-29 20:26:12: }
2026-07-29 20:27:12: [session] JWT verification failed: JWSSignatureVerificationFailed: signature verification failed
2026-07-29 20:27:12:     at flattenedVerify (file:///opt/erp/dist/boot.js:2781:11)
2026-07-29 20:27:12:     at async compactVerify (file:///opt/erp/dist/boot.js:2834:20)
2026-07-29 20:27:12:     at async jwtVerify (file:///opt/erp/dist/boot.js:3084:20)
2026-07-29 20:27:12:     at async verifySessionToken (file:///opt/erp/dist/boot.js:3322:25)
2026-07-29 20:27:12:     at async authenticateRequest (file:///opt/erp/dist/boot.js:139508:17)
2026-07-29 20:27:12:     at async Object.createContext (file:///opt/erp/dist/boot.js:139541:16)
2026-07-29 20:27:12:     at async Object.create (file:///opt/erp/dist/boot.js:100000:23)
2026-07-29 20:27:12:     at async resolveResponse (file:///opt/erp/dist/boot.js:100022:5)
2026-07-29 20:27:12:     at async fetchRequestHandler (file:///opt/erp/dist/boot.js:100338:10)
2026-07-29 20:27:12:     at async dispatch (file:///opt/erp/dist/boot.js:96435:17) {
2026-07-29 20:27:12:   code: 'ERR_JWS_SIGNATURE_VERIFICATION_FAILED'
2026-07-29 20:27:12: }
2026-07-29 20:28:13: [session] JWT verification failed: JWSSignatureVerificationFailed: signature verification failed
2026-07-29 20:28:13:     at flattenedVerify (file:///opt/erp/dist/boot.js:2781:11)
2026-07-29 20:28:13:     at async compactVerify (file:///opt/erp/dist/boot.js:2834:20)
2026-07-29 20:28:13:     at async jwtVerify (file:///opt/erp/dist/boot.js:3084:20)
2026-07-29 20:28:13:     at async verifySessionToken (file:///opt/erp/dist/boot.js:3322:25)
2026-07-29 20:28:13:     at async authenticateRequest (file:///opt/erp/dist/boot.js:139508:17)
2026-07-29 20:28:13:     at async Object.createContext (file:///opt/erp/dist/boot.js:139541:16)
2026-07-29 20:28:13:     at async Object.create (file:///opt/erp/dist/boot.js:100000:23)
2026-07-29 20:28:13:     at async resolveResponse (file:///opt/erp/dist/boot.js:100022:5)
2026-07-29 20:28:13:     at async fetchRequestHandler (file:///opt/erp/dist/boot.js:100338:10)
2026-07-29 20:28:13:     at async dispatch (file:///opt/erp/dist/boot.js:96435:17) {
2026-07-29 20:28:13:   code: 'ERR_JWS_SIGNATURE_VERIFICATION_FAILED'
2026-07-29 20:28:13: }
2026-07-29 20:29:12: [session] JWT verification failed: JWSSignatureVerificationFailed: signature verification failed
2026-07-29 20:29:12:     at flattenedVerify (file:///opt/erp/dist/boot.js:2781:11)
2026-07-29 20:29:12:     at async compactVerify (file:///opt/erp/dist/boot.js:2834:20)
2026-07-29 20:29:12:     at async jwtVerify (file:///opt/erp/dist/boot.js:3084:20)
2026-07-29 20:29:12:     at async verifySessionToken (file:///opt/erp/dist/boot.js:3322:25)
2026-07-29 20:29:12:     at async authenticateRequest (file:///opt/erp/dist/boot.js:139508:17)
2026-07-29 20:29:12:     at async Object.createContext (file:///opt/erp/dist/boot.js:139541:16)
2026-07-29 20:29:12:     at async Object.create (file:///opt/erp/dist/boot.js:100000:23)
2026-07-29 20:29:12:     at async resolveResponse (file:///opt/erp/dist/boot.js:100022:5)
2026-07-29 20:29:12:     at async fetchRequestHandler (file:///opt/erp/dist/boot.js:100338:10)
2026-07-29 20:29:12:     at async dispatch (file:///opt/erp/dist/boot.js:96435:17) {
2026-07-29 20:29:12:   code: 'ERR_JWS_SIGNATURE_VERIFICATION_FAILED'
2026-07-29 20:29:12: }
2026-07-29 20:30:00: [session] JWT verification failed: JWSSignatureVerificationFailed: signature verification failed
2026-07-29 20:30:00:     at flattenedVerify (file:///opt/erp/dist/boot.js:2781:11)
2026-07-29 20:30:00:     at async compactVerify (file:///opt/erp/dist/boot.js:2834:20)
2026-07-29 20:30:00:     at async jwtVerify (file:///opt/erp/dist/boot.js:3084:20)
2026-07-29 20:30:00:     at async verifySessionToken (file:///opt/erp/dist/boot.js:3322:25)
2026-07-29 20:30:00:     at async authenticateRequest (file:///opt/erp/dist/boot.js:139508:17)
2026-07-29 20:30:00:     at async Object.createContext (file:///opt/erp/dist/boot.js:139541:16)
2026-07-29 20:30:00:     at async Object.create (file:///opt/erp/dist/boot.js:100000:23)
2026-07-29 20:30:00:     at async resolveResponse (file:///opt/erp/dist/boot.js:100022:5)
2026-07-29 20:30:00:     at async fetchRequestHandler (file:///opt/erp/dist/boot.js:100338:10)
2026-07-29 20:30:00:     at async dispatch (file:///opt/erp/dist/boot.js:96435:17) {
2026-07-29 20:30:00:   code: 'ERR_JWS_SIGNATURE_VERIFICATION_FAILED'
2026-07-29 20:30:00: }
2026-07-29 20:30:13: [session] JWT verification failed: JWSSignatureVerificationFailed: signature verification failed
2026-07-29 20:30:13:     at flattenedVerify (file:///opt/erp/dist/boot.js:2781:11)
2026-07-29 20:30:13:     at async compactVerify (file:///opt/erp/dist/boot.js:2834:20)
2026-07-29 20:30:13:     at async jwtVerify (file:///opt/erp/dist/boot.js:3084:20)
2026-07-29 20:30:13:     at async verifySessionToken (file:///opt/erp/dist/boot.js:3322:25)
2026-07-29 20:30:13:     at async authenticateRequest (file:///opt/erp/dist/boot.js:139508:17)
2026-07-29 20:30:13:     at async Object.createContext (file:///opt/erp/dist/boot.js:139541:16)
2026-07-29 20:30:13:     at async Object.create (file:///opt/erp/dist/boot.js:100000:23)
2026-07-29 20:30:13:     at async resolveResponse (file:///opt/erp/dist/boot.js:100022:5)
2026-07-29 20:30:13:     at async fetchRequestHandler (file:///opt/erp/dist/boot.js:100338:10)
2026-07-29 20:30:13:     at async dispatch (file:///opt/erp/dist/boot.js:96435:17) {
2026-07-29 20:30:13:   code: 'ERR_JWS_SIGNATURE_VERIFICATION_FAILED'
2026-07-29 20:30:13: }
2026-07-29 20:31:12: [session] JWT verification failed: JWSSignatureVerificationFailed: signature verification failed
2026-07-29 20:31:12:     at flattenedVerify (file:///opt/erp/dist/boot.js:2781:11)
2026-07-29 20:31:12:     at async compactVerify (file:///opt/erp/dist/boot.js:2834:20)
2026-07-29 20:31:12:     at async jwtVerify (file:///opt/erp/dist/boot.js:3084:20)
2026-07-29 20:31:12:     at async verifySessionToken (file:///opt/erp/dist/boot.js:3322:25)
2026-07-29 20:31:12:     at async authenticateRequest (file:///opt/erp/dist/boot.js:139508:17)
2026-07-29 20:31:12:     at async Object.createContext (file:///opt/erp/dist/boot.js:139541:16)
2026-07-29 20:31:12:     at async Object.create (file:///opt/erp/dist/boot.js:100000:23)
2026-07-29 20:31:12:     at async resolveResponse (file:///opt/erp/dist/boot.js:100022:5)
2026-07-29 20:31:12:     at async fetchRequestHandler (file:///opt/erp/dist/boot.js:100338:10)
2026-07-29 20:31:12:     at async dispatch (file:///opt/erp/dist/boot.js:96435:17) {
2026-07-29 20:31:12:   code: 'ERR_JWS_SIGNATURE_VERIFICATION_FAILED'
2026-07-29 20:31:12: }
2026-07-29 20:32:13: [session] JWT verification failed: JWSSignatureVerificationFailed: signature verification failed
2026-07-29 20:32:13:     at flattenedVerify (file:///opt/erp/dist/boot.js:2781:11)
2026-07-29 20:32:13:     at async compactVerify (file:///opt/erp/dist/boot.js:2834:20)
2026-07-29 20:32:13:     at async jwtVerify (file:///opt/erp/dist/boot.js:3084:20)
2026-07-29 20:32:13:     at async verifySessionToken (file:///opt/erp/dist/boot.js:3322:25)
2026-07-29 20:32:13:     at async authenticateRequest (file:///opt/erp/dist/boot.js:139508:17)
2026-07-29 20:32:13:     at async Object.createContext (file:///opt/erp/dist/boot.js:139541:16)
2026-07-29 20:32:13:     at async Object.create (file:///opt/erp/dist/boot.js:100000:23)
2026-07-29 20:32:13:     at async resolveResponse (file:///opt/erp/dist/boot.js:100022:5)
2026-07-29 20:32:13:     at async fetchRequestHandler (file:///opt/erp/dist/boot.js:100338:10)
2026-07-29 20:32:13:     at async dispatch (file:///opt/erp/dist/boot.js:96435:17) {
2026-07-29 20:32:13:   code: 'ERR_JWS_SIGNATURE_VERIFICATION_FAILED'
2026-07-29 20:32:13: }
2026-07-29 20:33:13: [session] JWT verification failed: JWSSignatureVerificationFailed: signature verification failed
2026-07-29 20:33:13:     at flattenedVerify (file:///opt/erp/dist/boot.js:2781:11)
2026-07-29 20:33:13:     at async compactVerify (file:///opt/erp/dist/boot.js:2834:20)
2026-07-29 20:33:13:     at async jwtVerify (file:///opt/erp/dist/boot.js:3084:20)
2026-07-29 20:33:13:     at async verifySessionToken (file:///opt/erp/dist/boot.js:3322:25)
2026-07-29 20:33:13:     at async authenticateRequest (file:///opt/erp/dist/boot.js:139508:17)
2026-07-29 20:33:13:     at async Object.createContext (file:///opt/erp/dist/boot.js:139541:16)
2026-07-29 20:33:13:     at async Object.create (file:///opt/erp/dist/boot.js:100000:23)
2026-07-29 20:33:13:     at async resolveResponse (file:///opt/erp/dist/boot.js:100022:5)
2026-07-29 20:33:13:     at async fetchRequestHandler (file:///opt/erp/dist/boot.js:100338:10)
2026-07-29 20:33:13:     at async dispatch (file:///opt/erp/dist/boot.js:96435:17) {
2026-07-29 20:33:13:   code: 'ERR_JWS_SIGNATURE_VERIFICATION_FAILED'
2026-07-29 20:33:13: }
2026-07-29 20:34:21: [session] JWT verification failed: JWSSignatureVerificationFailed: signature verification failed
2026-07-29 20:34:21:     at flattenedVerify (file:///opt/erp/dist/boot.js:2781:11)
2026-07-29 20:34:21:     at async compactVerify (file:///opt/erp/dist/boot.js:2834:20)
2026-07-29 20:34:21:     at async jwtVerify (file:///opt/erp/dist/boot.js:3084:20)
2026-07-29 20:34:21:     at async verifySessionToken (file:///opt/erp/dist/boot.js:3322:25)
2026-07-29 20:34:21:     at async authenticateRequest (file:///opt/erp/dist/boot.js:139508:17)
2026-07-29 20:34:21:     at async Object.createContext (file:///opt/erp/dist/boot.js:139541:16)
2026-07-29 20:34:21:     at async Object.create (file:///opt/erp/dist/boot.js:100000:23)
2026-07-29 20:34:21:     at async resolveResponse (file:///opt/erp/dist/boot.js:100022:5)
2026-07-29 20:34:21:     at async fetchRequestHandler (file:///opt/erp/dist/boot.js:100338:10)
2026-07-29 20:34:21:     at async dispatch (file:///opt/erp/dist/boot.js:96435:17) {
2026-07-29 20:34:21:   code: 'ERR_JWS_SIGNATURE_VERIFICATION_FAILED'
2026-07-29 20:34:21: }
2026-07-29 20:35:21: [session] JWT verification failed: JWSSignatureVerificationFailed: signature verification failed
2026-07-29 20:35:21:     at flattenedVerify (file:///opt/erp/dist/boot.js:2781:11)
2026-07-29 20:35:21:     at async compactVerify (file:///opt/erp/dist/boot.js:2834:20)
2026-07-29 20:35:21:     at async jwtVerify (file:///opt/erp/dist/boot.js:3084:20)
2026-07-29 20:35:21:     at async verifySessionToken (file:///opt/erp/dist/boot.js:3322:25)
2026-07-29 20:35:21:     at async authenticateRequest (file:///opt/erp/dist/boot.js:139508:17)
2026-07-29 20:35:21:     at async Object.createContext (file:///opt/erp/dist/boot.js:139541:16)
2026-07-29 20:35:21:     at async Object.create (file:///opt/erp/dist/boot.js:100000:23)
2026-07-29 20:35:21:     at async resolveResponse (file:///opt/erp/dist/boot.js:100022:5)
2026-07-29 20:35:21:     at async fetchRequestHandler (file:///opt/erp/dist/boot.js:100338:10)
2026-07-29 20:35:21:     at async dispatch (file:///opt/erp/dist/boot.js:96435:17) {
2026-07-29 20:35:21:   code: 'ERR_JWS_SIGNATURE_VERIFICATION_FAILED'
2026-07-29 20:35:21: }
2026-07-29 20:36:22: [session] JWT verification failed: JWSSignatureVerificationFailed: signature verification failed
2026-07-29 20:36:22:     at flattenedVerify (file:///opt/erp/dist/boot.js:2781:11)
2026-07-29 20:36:22:     at async compactVerify (file:///opt/erp/dist/boot.js:2834:20)
2026-07-29 20:36:22:     at async jwtVerify (file:///opt/erp/dist/boot.js:3084:20)
2026-07-29 20:36:22:     at async verifySessionToken (file:///opt/erp/dist/boot.js:3322:25)
2026-07-29 20:36:22:     at async authenticateRequest (file:///opt/erp/dist/boot.js:139508:17)
2026-07-29 20:36:22:     at async Object.createContext (file:///opt/erp/dist/boot.js:139541:16)
2026-07-29 20:36:22:     at async Object.create (file:///opt/erp/dist/boot.js:100000:23)
2026-07-29 20:36:22:     at async resolveResponse (file:///opt/erp/dist/boot.js:100022:5)
2026-07-29 20:36:22:     at async fetchRequestHandler (file:///opt/erp/dist/boot.js:100338:10)
2026-07-29 20:36:22:     at async dispatch (file:///opt/erp/dist/boot.js:96435:17) {
2026-07-29 20:36:22:   code: 'ERR_JWS_SIGNATURE_VERIFICATION_FAILED'
2026-07-29 20:36:22: }
2026-07-29 20:37:23: [session] JWT verification failed: JWSSignatureVerificationFailed: signature verification failed
2026-07-29 20:37:23:     at flattenedVerify (file:///opt/erp/dist/boot.js:2781:11)
2026-07-29 20:37:23:     at async compactVerify (file:///opt/erp/dist/boot.js:2834:20)
2026-07-29 20:37:23:     at async jwtVerify (file:///opt/erp/dist/boot.js:3084:20)
2026-07-29 20:37:23:     at async verifySessionToken (file:///opt/erp/dist/boot.js:3322:25)
2026-07-29 20:37:23:     at async authenticateRequest (file:///opt/erp/dist/boot.js:139508:17)
2026-07-29 20:37:23:     at async Object.createContext (file:///opt/erp/dist/boot.js:139541:16)
2026-07-29 20:37:23:     at async Object.create (file:///opt/erp/dist/boot.js:100000:23)
2026-07-29 20:37:23:     at async resolveResponse (file:///opt/erp/dist/boot.js:100022:5)
2026-07-29 20:37:23:     at async fetchRequestHandler (file:///opt/erp/dist/boot.js:100338:10)
2026-07-29 20:37:23:     at async dispatch (file:///opt/erp/dist/boot.js:96435:17) {
2026-07-29 20:37:23:   code: 'ERR_JWS_SIGNATURE_VERIFICATION_FAILED'
2026-07-29 20:37:23: }
2026-07-29 20:38:24: [session] JWT verification failed: JWSSignatureVerificationFailed: signature verification failed
2026-07-29 20:38:24:     at flattenedVerify (file:///opt/erp/dist/boot.js:2781:11)
2026-07-29 20:38:24:     at async compactVerify (file:///opt/erp/dist/boot.js:2834:20)
2026-07-29 20:38:24:     at async jwtVerify (file:///opt/erp/dist/boot.js:3084:20)
2026-07-29 20:38:24:     at async verifySessionToken (file:///opt/erp/dist/boot.js:3322:25)
2026-07-29 20:38:24:     at async authenticateRequest (file:///opt/erp/dist/boot.js:139508:17)
2026-07-29 20:38:24:     at async Object.createContext (file:///opt/erp/dist/boot.js:139541:16)
2026-07-29 20:38:24:     at async Object.create (file:///opt/erp/dist/boot.js:100000:23)
2026-07-29 20:38:24:     at async resolveResponse (file:///opt/erp/dist/boot.js:100022:5)
2026-07-29 20:38:24:     at async fetchRequestHandler (file:///opt/erp/dist/boot.js:100338:10)
2026-07-29 20:38:24:     at async dispatch (file:///opt/erp/dist/boot.js:96435:17) {
2026-07-29 20:38:24:   code: 'ERR_JWS_SIGNATURE_VERIFICATION_FAILED'
2026-07-29 20:38:24: }
2026-07-29 20:39:22: [session] JWT verification failed: JWSSignatureVerificationFailed: signature verification failed
2026-07-29 20:39:22:     at flattenedVerify (file:///opt/erp/dist/boot.js:2781:11)
2026-07-29 20:39:22:     at async compactVerify (file:///opt/erp/dist/boot.js:2834:20)
2026-07-29 20:39:22:     at async jwtVerify (file:///opt/erp/dist/boot.js:3084:20)
2026-07-29 20:39:22:     at async verifySessionToken (file:///opt/erp/dist/boot.js:3322:25)
2026-07-29 20:39:22:     at async authenticateRequest (file:///opt/erp/dist/boot.js:139508:17)
2026-07-29 20:39:22:     at async Object.createContext (file:///opt/erp/dist/boot.js:139541:16)
2026-07-29 20:39:22:     at async Object.create (file:///opt/erp/dist/boot.js:100000:23)
2026-07-29 20:39:22:     at async resolveResponse (file:///opt/erp/dist/boot.js:100022:5)
2026-07-29 20:39:22:     at async fetchRequestHandler (file:///opt/erp/dist/boot.js:100338:10)
2026-07-29 20:39:22:     at async dispatch (file:///opt/erp/dist/boot.js:96435:17) {
2026-07-29 20:39:22:   code: 'ERR_JWS_SIGNATURE_VERIFICATION_FAILED'
2026-07-29 20:39:22: }
2026-07-29 20:40:26: [session] JWT verification failed: JWSSignatureVerificationFailed: signature verification failed
2026-07-29 20:40:26:     at flattenedVerify (file:///opt/erp/dist/boot.js:2781:11)
2026-07-29 20:40:26:     at async compactVerify (file:///opt/erp/dist/boot.js:2834:20)
2026-07-29 20:40:26:     at async jwtVerify (file:///opt/erp/dist/boot.js:3084:20)
2026-07-29 20:40:26:     at async verifySessionToken (file:///opt/erp/dist/boot.js:3322:25)
2026-07-29 20:40:26:     at async authenticateRequest (file:///opt/erp/dist/boot.js:139508:17)
2026-07-29 20:40:26:     at async Object.createContext (file:///opt/erp/dist/boot.js:139541:16)
2026-07-29 20:40:26:     at async Object.create (file:///opt/erp/dist/boot.js:100000:23)
2026-07-29 20:40:26:     at async resolveResponse (file:///opt/erp/dist/boot.js:100022:5)
2026-07-29 20:40:26:     at async fetchRequestHandler (file:///opt/erp/dist/boot.js:100338:10)
2026-07-29 20:40:26:     at async dispatch (file:///opt/erp/dist/boot.js:96435:17) {
2026-07-29 20:40:26:   code: 'ERR_JWS_SIGNATURE_VERIFICATION_FAILED'
2026-07-29 20:40:26: }
2026-07-29 20:41:22: [session] JWT verification failed: JWSSignatureVerificationFailed: signature verification failed
2026-07-29 20:41:22:     at flattenedVerify (file:///opt/erp/dist/boot.js:2781:11)
2026-07-29 20:41:22:     at async compactVerify (file:///opt/erp/dist/boot.js:2834:20)
2026-07-29 20:41:22:     at async jwtVerify (file:///opt/erp/dist/boot.js:3084:20)
2026-07-29 20:41:22:     at async verifySessionToken (file:///opt/erp/dist/boot.js:3322:25)
2026-07-29 20:41:22:     at async authenticateRequest (file:///opt/erp/dist/boot.js:139508:17)
2026-07-29 20:41:22:     at async Object.createContext (file:///opt/erp/dist/boot.js:139541:16)
2026-07-29 20:41:22:     at async Object.create (file:///opt/erp/dist/boot.js:100000:23)
2026-07-29 20:41:22:     at async resolveResponse (file:///opt/erp/dist/boot.js:100022:5)
2026-07-29 20:41:22:     at async fetchRequestHandler (file:///opt/erp/dist/boot.js:100338:10)
2026-07-29 20:41:22:     at async dispatch (file:///opt/erp/dist/boot.js:96435:17) {
2026-07-29 20:41:22:   code: 'ERR_JWS_SIGNATURE_VERIFICATION_FAILED'
2026-07-29 20:41:22: }
2026-07-29 20:42:25: [session] JWT verification failed: JWSSignatureVerificationFailed: signature verification failed
2026-07-29 20:42:25:     at flattenedVerify (file:///opt/erp/dist/boot.js:2781:11)
2026-07-29 20:42:25:     at async compactVerify (file:///opt/erp/dist/boot.js:2834:20)
2026-07-29 20:42:25:     at async jwtVerify (file:///opt/erp/dist/boot.js:3084:20)
2026-07-29 20:42:25:     at async verifySessionToken (file:///opt/erp/dist/boot.js:3322:25)
2026-07-29 20:42:25:     at async authenticateRequest (file:///opt/erp/dist/boot.js:139508:17)
2026-07-29 20:42:25:     at async Object.createContext (file:///opt/erp/dist/boot.js:139541:16)
2026-07-29 20:42:25:     at async Object.create (file:///opt/erp/dist/boot.js:100000:23)
2026-07-29 20:42:25:     at async resolveResponse (file:///opt/erp/dist/boot.js:100022:5)
2026-07-29 20:42:25:     at async fetchRequestHandler (file:///opt/erp/dist/boot.js:100338:10)
2026-07-29 20:42:25:     at async dispatch (file:///opt/erp/dist/boot.js:96435:17) {
2026-07-29 20:42:25:   code: 'ERR_JWS_SIGNATURE_VERIFICATION_FAILED'
2026-07-29 20:42:25: }
2026-07-29 20:43:01: [session] JWT verification failed: JWSSignatureVerificationFailed: signature verification failed
2026-07-29 20:43:01:     at flattenedVerify (file:///opt/erp/dist/boot.js:2781:11)
2026-07-29 20:43:01:     at async compactVerify (file:///opt/erp/dist/boot.js:2834:20)
2026-07-29 20:43:01:     at async jwtVerify (file:///opt/erp/dist/boot.js:3084:20)
2026-07-29 20:43:01:     at async verifySessionToken (file:///opt/erp/dist/boot.js:3322:25)
2026-07-29 20:43:01:     at async authenticateRequest (file:///opt/erp/dist/boot.js:139508:17)
2026-07-29 20:43:01:     at async Object.createContext (file:///opt/erp/dist/boot.js:139541:16)
2026-07-29 20:43:01:     at async Object.create (file:///opt/erp/dist/boot.js:100000:23)
2026-07-29 20:43:01:     at async resolveResponse (file:///opt/erp/dist/boot.js:100022:5)
2026-07-29 20:43:01:     at async fetchRequestHandler (file:///opt/erp/dist/boot.js:100338:10)
2026-07-29 20:43:01:     at async dispatch (file:///opt/erp/dist/boot.js:96435:17) {
2026-07-29 20:43:01:   code: 'ERR_JWS_SIGNATURE_VERIFICATION_FAILED'
2026-07-29 20:43:01: }
2026-07-29 20:43:12: [session] JWT verification failed: JWSSignatureVerificationFailed: signature verification failed
2026-07-29 20:43:12:     at flattenedVerify (file:///opt/erp/dist/boot.js:2781:11)
2026-07-29 20:43:12:     at async compactVerify (file:///opt/erp/dist/boot.js:2834:20)
2026-07-29 20:43:12:     at async jwtVerify (file:///opt/erp/dist/boot.js:3084:20)
2026-07-29 20:43:12:     at async verifySessionToken (file:///opt/erp/dist/boot.js:3322:25)
2026-07-29 20:43:12:     at async authenticateRequest (file:///opt/erp/dist/boot.js:139508:17)
2026-07-29 20:43:12:     at async Object.createContext (file:///opt/erp/dist/boot.js:139541:16)
2026-07-29 20:43:12:     at async Object.create (file:///opt/erp/dist/boot.js:100000:23)
2026-07-29 20:43:12:     at async resolveResponse (file:///opt/erp/dist/boot.js:100022:5)
2026-07-29 20:43:12:     at async fetchRequestHandler (file:///opt/erp/dist/boot.js:100338:10)
2026-07-29 20:43:12:     at async dispatch (file:///opt/erp/dist/boot.js:96435:17) {
2026-07-29 20:43:12:   code: 'ERR_JWS_SIGNATURE_VERIFICATION_FAILED'
2026-07-29 20:43:12: }
2026-07-29 20:44:12: [session] JWT verification failed: JWSSignatureVerificationFailed: signature verification failed
2026-07-29 20:44:12:     at flattenedVerify (file:///opt/erp/dist/boot.js:2781:11)
2026-07-29 20:44:12:     at async compactVerify (file:///opt/erp/dist/boot.js:2834:20)
2026-07-29 20:44:12:     at async jwtVerify (file:///opt/erp/dist/boot.js:3084:20)
2026-07-29 20:44:12:     at async verifySessionToken (file:///opt/erp/dist/boot.js:3322:25)
2026-07-29 20:44:12:     at async authenticateRequest (file:///opt/erp/dist/boot.js:139508:17)
2026-07-29 20:44:12:     at async Object.createContext (file:///opt/erp/dist/boot.js:139541:16)
2026-07-29 20:44:12:     at async Object.create (file:///opt/erp/dist/boot.js:100000:23)
2026-07-29 20:44:12:     at async resolveResponse (file:///opt/erp/dist/boot.js:100022:5)
2026-07-29 20:44:12:     at async fetchRequestHandler (file:///opt/erp/dist/boot.js:100338:10)
2026-07-29 20:44:12:     at async dispatch (file:///opt/erp/dist/boot.js:96435:17) {
2026-07-29 20:44:12:   code: 'ERR_JWS_SIGNATURE_VERIFICATION_FAILED'
2026-07-29 20:44:12: }
2026-07-30 16:24:40: [redis] connection failed (non-fatal): Redis is already connecting/connected
2026-07-30 16:30:23: [redis] connection failed (non-fatal): Redis is already connecting/connected
2026-07-30 16:33:04: [auth] No session cookie found in request.
2026-07-30 16:33:04: [auth] No session cookie found in request.
2026-07-30 16:33:04: [auth] No session cookie found in request.
2026-07-30 16:33:16: [auth] No session cookie found in request.
2026-07-30 16:33:17: [auth] No session cookie found in request.
2026-07-30 16:33:18: [auth] No session cookie found in request.
2026-07-30 16:33:18: [auth] No session cookie found in request.
2026-07-30 16:33:26: [auth] No session cookie found in request.
2026-07-30 16:47:41: [auth] No session cookie found in request.
2026-07-30 16:50:18: [redis] connection failed (non-fatal): Redis is already connecting/connected
2026-07-30 16:53:21: [redis] connection failed (non-fatal): Redis is already connecting/connected
2026-07-30 16:58:19: [redis] connection failed (non-fatal): Redis is already connecting/connected
2026-07-30 17:00:25: [redis] connection failed (non-fatal): Redis is already connecting/connected
2026-07-30 17:02:27: [auth] No session cookie found in request.
2026-07-30 17:02:28: [auth] No session cookie found in request.
2026-07-30 17:03:26: [auth] No session cookie found in request.
2026-07-30 17:03:50: [auth] No session cookie found in request.
2026-07-30 17:14:51: [redis] connection failed (non-fatal): Redis is already connecting/connected
2026-07-30 17:26:28: [redis] connection failed (non-fatal): Redis is already connecting/connected
2026-07-31 06:20:26: AggregateError [ECONNREFUSED]: 
2026-07-31 06:20:26:     at internalConnectMultiple (node:net:1122:18)
2026-07-31 06:20:26:     at afterConnectMultiple (node:net:1689:7) {
2026-07-31 06:20:26:   code: 'ECONNREFUSED',
2026-07-31 06:20:26:   [errors]: [
2026-07-31 06:20:26:     Error: connect ECONNREFUSED ::1:6379
2026-07-31 06:20:26:         at createConnectionError (node:net:1652:14)
2026-07-31 06:20:26:         at afterConnectMultiple (node:net:1682:16) {
2026-07-31 06:20:26:       errno: -111,
2026-07-31 06:20:26:       code: 'ECONNREFUSED',
2026-07-31 06:20:26:       syscall: 'connect',
2026-07-31 06:20:26:       address: '::1',
2026-07-31 06:20:26:       port: 6379
2026-07-31 06:20:26:     },
2026-07-31 06:20:26:     Error: connect ECONNREFUSED 127.0.0.1:6379
2026-07-31 06:20:26:         at createConnectionError (node:net:1652:14)
2026-07-31 06:20:26:         at afterConnectMultiple (node:net:1682:16) {
2026-07-31 06:20:26:       errno: -111,
2026-07-31 06:20:26:       code: 'ECONNREFUSED',
2026-07-31 06:20:26:       syscall: 'connect',
2026-07-31 06:20:26:       address: '127.0.0.1',
2026-07-31 06:20:26:       port: 6379
2026-07-31 06:20:26:     }
2026-07-31 06:20:26:   ]
2026-07-31 06:20:26: }
2026-07-31 06:20:26: [redis] connection error: 
2026-07-31 06:20:26: AggregateError [ECONNREFUSED]: 
2026-07-31 06:20:26:     at internalConnectMultiple (node:net:1122:18)
2026-07-31 06:20:26:     at afterConnectMultiple (node:net:1689:7) {
2026-07-31 06:20:26:   code: 'ECONNREFUSED',
2026-07-31 06:20:26:   [errors]: [
2026-07-31 06:20:26:     Error: connect ECONNREFUSED ::1:6379
2026-07-31 06:20:26:         at createConnectionError (node:net:1652:14)
2026-07-31 06:20:26:         at afterConnectMultiple (node:net:1682:16) {
2026-07-31 06:20:26:       errno: -111,
2026-07-31 06:20:26:       code: 'ECONNREFUSED',
2026-07-31 06:20:26:       syscall: 'connect',
2026-07-31 06:20:26:       address: '::1',
2026-07-31 06:20:26:       port: 6379
2026-07-31 06:20:26:     },
2026-07-31 06:20:26:     Error: connect ECONNREFUSED 127.0.0.1:6379
2026-07-31 06:20:26:         at createConnectionError (node:net:1652:14)
2026-07-31 06:20:26:         at afterConnectMultiple (node:net:1682:16) {
2026-07-31 06:20:26:       errno: -111,
2026-07-31 06:20:26:       code: 'ECONNREFUSED',
2026-07-31 06:20:26:       syscall: 'connect',
2026-07-31 06:20:26:       address: '127.0.0.1',
2026-07-31 06:20:26:       port: 6379
2026-07-31 06:20:26:     }
2026-07-31 06:20:26:   ]
2026-07-31 06:20:26: }
2026-07-31 06:20:26: AggregateError [ECONNREFUSED]: 
2026-07-31 06:20:26:     at internalConnectMultiple (node:net:1122:18)
2026-07-31 06:20:26:     at afterConnectMultiple (node:net:1689:7) {
2026-07-31 06:20:26:   code: 'ECONNREFUSED',
2026-07-31 06:20:26:   [errors]: [
2026-07-31 06:20:26:     Error: connect ECONNREFUSED ::1:6379
2026-07-31 06:20:26:         at createConnectionError (node:net:1652:14)
2026-07-31 06:20:26:         at afterConnectMultiple (node:net:1682:16) {
2026-07-31 06:20:26:       errno: -111,
2026-07-31 06:20:26:       code: 'ECONNREFUSED',
2026-07-31 06:20:26:       syscall: 'connect',
2026-07-31 06:20:26:       address: '::1',
2026-07-31 06:20:26:       port: 6379
2026-07-31 06:20:26:     },
2026-07-31 06:20:26:     Error: connect ECONNREFUSED 127.0.0.1:6379
2026-07-31 06:20:26:         at createConnectionError (node:net:1652:14)
2026-07-31 06:20:26:         at afterConnectMultiple (node:net:1682:16) {
2026-07-31 06:20:26:       errno: -111,
2026-07-31 06:20:26:       code: 'ECONNREFUSED',
2026-07-31 06:20:26:       syscall: 'connect',
2026-07-31 06:20:26:       address: '127.0.0.1',
2026-07-31 06:20:26:       port: 6379
2026-07-31 06:20:26:     }
2026-07-31 06:20:26:   ]
2026-07-31 06:20:26: }
2026-07-31 08:53:20: [auth] No session cookie found in request.
2026-07-31 08:53:21: [auth] No session cookie found in request.
2026-07-31 08:53:38: [auth] No session cookie found in request.
2026-07-31 09:57:13: [redis] connection failed (non-fatal): Redis is already connecting/connected
2026-07-31 09:57:14: [plan-checker] Error: Failed query: select `id`, `name`, `slug`, `email`, `phone`, `address`, `city`, `country`, `tax_number`, `registration_number`, `logo`, `favicon`, `primary_color`, `secondary_color`, `font`, `timezone`, `currency`, `language`, `date_format`, `plan`, `status`, `trial_ends_at`, `subscription_ends_at`, `white_label_enabled`, `layout_theme`, `created_at`, `updated_at` from `tenants` where (`tenants`.`status` = ? and `tenants`.`trial_ends_at` >= ? and `tenants`.`trial_ends_at` <= ?)
2026-07-31 09:57:14: params: active,2026-07-31 09:57:13.990,2026-08-14 09:57:13.990
2026-07-31 10:57:13: [plan-checker] Error: Failed query: select `id`, `name`, `slug`, `email`, `phone`, `address`, `city`, `country`, `tax_number`, `registration_number`, `logo`, `favicon`, `primary_color`, `secondary_color`, `font`, `timezone`, `currency`, `language`, `date_format`, `plan`, `status`, `trial_ends_at`, `subscription_ends_at`, `white_label_enabled`, `layout_theme`, `created_at`, `updated_at` from `tenants` where (`tenants`.`status` = ? and `tenants`.`trial_ends_at` >= ? and `tenants`.`trial_ends_at` <= ?)
2026-07-31 10:57:13: params: active,2026-07-31 10:57:13.990,2026-08-14 10:57:13.990
2026-07-31 11:51:20: [redis] connection failed (non-fatal): Redis is already connecting/connected
2026-07-31 17:08:42: [auth] No session cookie found in request.
2026-07-31 17:08:42: [auth] No session cookie found in request.
2026-07-31 17:09:46: Error: ENOENT: no such file or directory, open '/opt/erp/dist/public/index.html'
2026-07-31 17:09:46:     at Object.readFileSync (node:fs:448:20)
2026-07-31 17:09:46:     at Hono2.<anonymous> (file:///opt/erp/dist/boot.js:96348:25)
2026-07-31 17:09:46:     at file:///opt/erp/dist/boot.js:97748:46
2026-07-31 17:09:46:     at Array.<anonymous> (file:///opt/erp/dist/boot.js:96278:18)
2026-07-31 17:09:46:     at process.processTicksAndRejections (node:internal/process/task_queues:95:5)
2026-07-31 17:09:46:     at async responseViaResponseObject (file:///opt/erp/dist/boot.js:95932:17)
2026-07-31 17:09:46:     at async Server.<anonymous> (file:///opt/erp/dist/boot.js:96075:18) {
2026-07-31 17:09:46:   errno: -2,
2026-07-31 17:09:46:   code: 'ENOENT',
2026-07-31 17:09:46:   syscall: 'open',
2026-07-31 17:09:46:   path: '/opt/erp/dist/public/index.html'
2026-07-31 17:09:46: }
2026-07-31 17:10:05: [queue] Redis not configured — using mock (queues disabled)
2026-07-31 17:36:20: [queue] Redis not configured — using mock (queues disabled)
2026-07-31 17:37:15: [queue] Redis not configured — using mock (queues disabled)
2026-07-31 20:24:31: [queue] Redis not configured — using mock (queues disabled)
2026-07-31 20:52:41: [auth] No session cookie found in request.
2026-07-31 20:52:41: [auth] No session cookie found in request.
2026-07-31 22:21:17: [queue] Redis not configured — using mock (queues disabled)
2026-07-31 22:30:39: [queue] Redis not configured — using mock (queues disabled)
2026-07-31 22:45:46: [queue] Redis not configured — using mock (queues disabled)
2026-07-31 22:53:57: [queue] Redis not configured — using mock (queues disabled)
2026-07-31 22:55:55: [auth] No session cookie found in request.
2026-07-31 22:55:55: [auth] No session cookie found in request.
2026-07-31 22:55:58: [auth] No session cookie found in request.
2026-07-31 22:56:56: [auth] No session cookie found in request.
2026-07-31 22:57:55: [auth] No session cookie found in request.
2026-07-31 22:58:55: [auth] No session cookie found in request.
2026-07-31 22:59:55: [auth] No session cookie found in request.
2026-07-31 23:00:55: [auth] No session cookie found in request.
2026-07-31 23:01:55: [auth] No session cookie found in request.
2026-07-31 23:02:55: [auth] No session cookie found in request.
2026-07-31 23:03:55: [auth] No session cookie found in request.
2026-07-31 23:05:30: [auth] No session cookie found in request.
2026-07-31 23:06:31: [auth] No session cookie found in request.
2026-07-31 23:07:30: [auth] No session cookie found in request.
2026-07-31 23:08:30: [auth] No session cookie found in request.
2026-07-31 23:09:31: [auth] No session cookie found in request.
2026-07-31 23:09:42: [queue] Redis not configured — using mock (queues disabled)
2026-07-31 23:10:12: [auth] No session cookie found in request.
2026-07-31 23:10:31: [auth] No session cookie found in request.
2026-07-31 23:11:31: [auth] No session cookie found in request.
2026-07-31 23:12:08: [auth] No session cookie found in request.
2026-07-31 23:12:08: [auth] No session cookie found in request.
2026-07-31 23:12:09: [auth] No session cookie found in request.
2026-07-31 23:12:31: [auth] No session cookie found in request.
2026-07-31 23:12:55: Error: ENOENT: no such file or directory, open '/opt/erp/dist/public/index.html'
2026-07-31 23:12:55:     at Object.readFileSync (node:fs:448:20)
2026-07-31 23:12:55:     at file:///opt/erp/dist/boot.js:96432:25
2026-07-31 23:12:55:     at dispatch (file:///opt/erp/dist/boot.js:96478:23)
2026-07-31 23:12:55:     at file:///opt/erp/dist/boot.js:96466:46
2026-07-31 23:12:55:     at file:///opt/erp/dist/boot.js:96362:18
2026-07-31 23:12:55:     at process.processTicksAndRejections (node:internal/process/task_queues:95:5)
2026-07-31 23:12:55:     at async dispatch (file:///opt/erp/dist/boot.js:96466:17)
2026-07-31 23:12:55:     at async file:///opt/erp/dist/boot.js:136911:3
2026-07-31 23:12:55:     at async dispatch (file:///opt/erp/dist/boot.js:96466:17)
2026-07-31 23:12:55:     at async file:///opt/erp/dist/boot.js:97844:25 {
2026-07-31 23:12:55:   errno: -2,
2026-07-31 23:12:55:   code: 'ENOENT',
2026-07-31 23:12:55:   syscall: 'open',
2026-07-31 23:12:55:   path: '/opt/erp/dist/public/index.html'
2026-07-31 23:12:55: }
2026-07-31 23:13:23: [queue] Redis not configured — using mock (queues disabled)
2026-07-31 23:13:26: [auth] No session cookie found in request.
2026-07-31 23:13:30: [auth] No session cookie found in request.
2026-07-31 23:14:04: Error: ENOENT: no such file or directory, open '/opt/erp/dist/public/index.html'
2026-07-31 23:14:04:     at Object.readFileSync (node:fs:448:20)
2026-07-31 23:14:04:     at file:///opt/erp/dist/boot.js:96432:25
2026-07-31 23:14:04:     at dispatch (file:///opt/erp/dist/boot.js:96478:23)
2026-07-31 23:14:04:     at file:///opt/erp/dist/boot.js:96466:46
2026-07-31 23:14:04:     at file:///opt/erp/dist/boot.js:96362:18
2026-07-31 23:14:04:     at process.processTicksAndRejections (node:internal/process/task_queues:95:5)
2026-07-31 23:14:04:     at async dispatch (file:///opt/erp/dist/boot.js:96466:17)
2026-07-31 23:14:04:     at async file:///opt/erp/dist/boot.js:136911:3
2026-07-31 23:14:04:     at async dispatch (file:///opt/erp/dist/boot.js:96466:17)
2026-07-31 23:14:04:     at async file:///opt/erp/dist/boot.js:97844:25 {
2026-07-31 23:14:04:   errno: -2,
2026-07-31 23:14:04:   code: 'ENOENT',
2026-07-31 23:14:04:   syscall: 'open',
2026-07-31 23:14:04:   path: '/opt/erp/dist/public/index.html'
2026-07-31 23:14:04: }
2026-07-31 23:14:31: [auth] No session cookie found in request.
2026-07-31 23:15:31: [auth] No session cookie found in request.
2026-07-31 23:16:16: [queue] Redis not configured — using mock (queues disabled)
2026-07-31 23:16:18: [auth] No session cookie found in request.
2026-07-31 23:16:19: [auth] No session cookie found in request.
2026-07-31 23:16:32: [auth] No session cookie found in request.
2026-07-31 23:17:31: [auth] No session cookie found in request.
2026-07-31 23:18:11: Error: ENOENT: no such file or directory, open '/opt/erp/dist/public/index.html'
2026-07-31 23:18:11:     at Object.readFileSync (node:fs:448:20)
2026-07-31 23:18:11:     at file:///opt/erp/dist/boot.js:96432:25
2026-07-31 23:18:11:     at dispatch (file:///opt/erp/dist/boot.js:96478:23)
2026-07-31 23:18:11:     at file:///opt/erp/dist/boot.js:96466:46
2026-07-31 23:18:11:     at file:///opt/erp/dist/boot.js:96362:18
2026-07-31 23:18:11:     at process.processTicksAndRejections (node:internal/process/task_queues:95:5)
2026-07-31 23:18:11:     at async dispatch (file:///opt/erp/dist/boot.js:96466:17)
2026-07-31 23:18:11:     at async file:///opt/erp/dist/boot.js:136911:3
2026-07-31 23:18:11:     at async dispatch (file:///opt/erp/dist/boot.js:96466:17)
2026-07-31 23:18:11:     at async file:///opt/erp/dist/boot.js:97844:25 {
2026-07-31 23:18:11:   errno: -2,
2026-07-31 23:18:11:   code: 'ENOENT',
2026-07-31 23:18:11:   syscall: 'open',
2026-07-31 23:18:11:   path: '/opt/erp/dist/public/index.html'
2026-07-31 23:18:11: }
2026-07-31 23:18:31: [auth] No session cookie found in request.
2026-07-31 23:19:04: [queue] Redis not configured — using mock (queues disabled)
2026-07-31 23:19:07: [auth] No session cookie found in request.
2026-07-31 23:19:30: [auth] No session cookie found in request.
2026-07-31 23:20:31: [auth] No session cookie found in request.
2026-07-31 23:21:30: [auth] No session cookie found in request.
2026-07-31 23:21:52: [queue] Redis not configured — using mock (queues disabled)
2026-07-31 23:21:55: [auth] No session cookie found in request.
2026-07-31 23:22:31: [auth] No session cookie found in request.
2026-07-31 23:23:31: [auth] No session cookie found in request.
2026-07-31 23:24:31: [auth] No session cookie found in request.
2026-07-31 23:25:31: [auth] No session cookie found in request.
2026-07-31 23:26:31: [auth] No session cookie found in request.
2026-07-31 23:27:32: [auth] No session cookie found in request.
2026-07-31 23:28:31: [auth] No session cookie found in request.
2026-07-31 23:29:31: [auth] No session cookie found in request.
2026-07-31 23:30:31: [auth] No session cookie found in request.
2026-07-31 23:31:31: [auth] No session cookie found in request.
2026-07-31 23:32:31: [auth] No session cookie found in request.
2026-07-31 23:33:31: [auth] No session cookie found in request.
2026-07-31 23:34:31: [auth] No session cookie found in request.
2026-07-31 23:35:31: [auth] No session cookie found in request.
2026-07-31 23:36:31: [auth] No session cookie found in request.
2026-07-31 23:37:31: [auth] No session cookie found in request.
2026-07-31 23:38:31: [auth] No session cookie found in request.
2026-07-31 23:39:31: [auth] No session cookie found in request.
2026-07-31 23:40:31: [auth] No session cookie found in request.
2026-07-31 23:41:30: [auth] No session cookie found in request.
2026-07-31 23:42:30: [auth] No session cookie found in request.
2026-07-31 23:43:31: [auth] No session cookie found in request.
2026-07-31 23:44:32: [auth] No session cookie found in request.
2026-07-31 23:45:31: [auth] No session cookie found in request.
2026-07-31 23:46:34: [auth] No session cookie found in request.
2026-07-31 23:47:32: [auth] No session cookie found in request.
2026-07-31 23:48:31: [auth] No session cookie found in request.
2026-07-31 23:49:32: [auth] No session cookie found in request.
2026-07-31 23:50:31: [auth] No session cookie found in request.
2026-07-31 23:51:31: [auth] No session cookie found in request.
2026-07-31 23:52:31: [auth] No session cookie found in request.
2026-07-31 23:53:31: [auth] No session cookie found in request.
2026-07-31 23:54:31: [auth] No session cookie found in request.
2026-07-31 23:55:31: [auth] No session cookie found in request.
2026-07-31 23:56:28: [queue] Redis not configured — using mock (queues disabled)
2026-07-31 23:56:31: [auth] No session cookie found in request.
2026-07-31 23:57:07: [auth] No session cookie found in request.
2026-07-31 23:57:13: [auth] No session cookie found in request.
2026-07-31 23:57:13: [auth] No session cookie found in request.
2026-07-31 23:57:15: [auth] No session cookie found in request.
2026-07-31 23:57:15: [auth] No session cookie found in request.
2026-07-31 23:57:26: [auth] No session cookie found in request.
2026-08-01 00:09:15: [queue] Redis not configured — using mock (queues disabled)
2026-08-01 00:09:25: [auth] No session cookie found in request.
2026-08-01 00:09:25: [auth] No session cookie found in request.
2026-08-01 00:12:11: [queue] Redis not configured — using mock (queues disabled)
2026-08-01 00:12:36: [queue] Redis not configured — using mock (queues disabled)
2026-08-01 00:18:12: [auth] No session cookie found in request.
2026-08-01 00:18:13: [auth] No session cookie found in request.
2026-08-01 00:18:13: [auth] No session cookie found in request.
2026-08-01 00:18:13: [auth] No session cookie found in request.
2026-08-01 00:18:59: [auth] No session cookie found in request.
2026-08-01 00:19:00: [auth] No session cookie found in request.
2026-08-01 00:19:01: [auth] No session cookie found in request.
2026-08-01 00:19:01: [auth] No session cookie found in request.
2026-08-01 00:19:28: [auth] No session cookie found in request.
2026-08-01 00:19:28: [auth] No session cookie found in request.
2026-08-01 00:19:29: [auth] No session cookie found in request.
2026-08-01 00:20:08: [auth] No session cookie found in request.
2026-08-01 00:20:08: [auth] No session cookie found in request.
2026-08-01 00:20:10: [auth] No session cookie found in request.
2026-08-01 00:24:49: [queue] Redis not configured — using mock (queues disabled)
2026-08-01 00:25:20: [auth] No session cookie found in request.
2026-08-01 00:25:20: [auth] No session cookie found in request.
2026-08-01 00:25:22: [auth] No session cookie found in request.
2026-08-01 00:35:33: [queue] Redis not configured — using mock (queues disabled)
2026-08-01 00:36:23: [auth] No session cookie found in request.
2026-08-01 00:36:23: [auth] No session cookie found in request.
2026-08-01 00:36:24: [auth] No session cookie found in request.
2026-08-01 00:36:52: [auth] No session cookie found in request.
2026-08-01 00:36:52: [auth] No session cookie found in request.
2026-08-01 00:36:53: [auth] No session cookie found in request.
2026-08-01 00:37:25: [auth] No session cookie found in request.
2026-08-01 00:37:25: [auth] No session cookie found in request.
2026-08-01 00:37:26: [auth] No session cookie found in request.
2026-08-01 00:40:56: [queue] Redis not configured — using mock (queues disabled)
2026-08-01 00:41:19: [auth] No session cookie found in request.
2026-08-01 00:41:19: [auth] No session cookie found in request.
2026-08-01 00:41:21: [auth] No session cookie found in request.
2026-08-01 00:41:57: [auth] No session cookie found in request.
2026-08-01 00:41:57: [auth] No session cookie found in request.
2026-08-01 00:41:58: [auth] No session cookie found in request.
2026-08-01 00:45:50: [queue] Redis not configured — using mock (queues disabled)
2026-08-01 00:46:05: [auth] No session cookie found in request.
2026-08-01 00:46:05: [auth] No session cookie found in request.
2026-08-01 00:46:07: [auth] No session cookie found in request.
2026-08-01 00:46:31: [auth] No session cookie found in request.
2026-08-01 00:46:32: [auth] No session cookie found in request.
2026-08-01 00:46:33: [auth] No session cookie found in request.
2026-08-01 00:52:41: [auth] No session cookie found in request.
2026-08-01 00:52:41: [auth] No session cookie found in request.
2026-08-01 00:52:43: [auth] No session cookie found in request.
2026-08-01 00:53:20: [auth] No session cookie found in request.
2026-08-01 00:53:20: [auth] No session cookie found in request.
2026-08-01 00:53:21: [auth] No session cookie found in request.
2026-08-01 00:54:04: [auth] No session cookie found in request.
2026-08-01 00:54:04: [auth] No session cookie found in request.
2026-08-01 00:54:06: [auth] No session cookie found in request.
2026-08-01 01:00:25: [auth] No session cookie found in request.
2026-08-01 01:00:25: [auth] No session cookie found in request.
2026-08-01 01:00:26: [auth] No session cookie found in request.
2026-08-01 01:07:58: [queue] Redis not configured — using mock (queues disabled)
2026-08-01 01:08:18: [auth] No session cookie found in request.
2026-08-01 01:08:18: [auth] No session cookie found in request.
2026-08-01 01:08:19: [auth] No session cookie found in request.
2026-08-01 01:08:49: [auth] No session cookie found in request.
2026-08-01 01:08:49: [auth] No session cookie found in request.
2026-08-01 01:08:50: [auth] No session cookie found in request.
2026-08-01 01:36:48: [queue] Redis not configured — using mock (queues disabled)
2026-08-01 01:37:01: [auth] No session cookie found in request.
2026-08-01 01:37:01: [auth] No session cookie found in request.
2026-08-01 01:37:03: [auth] No session cookie found in request.
2026-08-01 01:37:03: [auth] No session cookie found in request.
2026-08-01 01:37:35: [auth] No session cookie found in request.
2026-08-01 01:37:35: [auth] No session cookie found in request.
2026-08-01 01:37:36: [auth] No session cookie found in request.
2026-08-01 01:37:36: [auth] No session cookie found in request.
2026-08-01 01:40:14: [queue] Redis not configured — using mock (queues disabled)
2026-08-01 01:40:35: [auth] No session cookie found in request.
2026-08-01 01:40:35: [auth] No session cookie found in request.
2026-08-01 08:11:52: [session] JWT verification failed: JWSSignatureVerificationFailed: signature verification failed
2026-08-01 08:11:52:     at flattenedVerify (file:///opt/erp/dist/boot.js:2781:11)
2026-08-01 08:11:52:     at async compactVerify (file:///opt/erp/dist/boot.js:2834:20)
2026-08-01 08:11:52:     at async jwtVerify (file:///opt/erp/dist/boot.js:3084:20)
2026-08-01 08:11:52:     at async verifySessionToken (file:///opt/erp/dist/boot.js:3322:25)
2026-08-01 08:11:52:     at async authenticateRequest (file:///opt/erp/dist/boot.js:136828:17)
2026-08-01 08:11:52:     at async Object.createContext (file:///opt/erp/dist/boot.js:136861:16)
2026-08-01 08:11:52:     at async Object.create (file:///opt/erp/dist/boot.js:100031:23)
2026-08-01 08:11:52:     at async resolveResponse (file:///opt/erp/dist/boot.js:100053:5)
2026-08-01 08:11:52:     at async fetchRequestHandler (file:///opt/erp/dist/boot.js:100369:10)
2026-08-01 08:11:52:     at async dispatch (file:///opt/erp/dist/boot.js:96466:17) {
2026-08-01 08:11:52:   code: 'ERR_JWS_SIGNATURE_VERIFICATION_FAILED'
2026-08-01 08:11:52: }
2026-08-01 08:12:51: [session] JWT verification failed: JWSSignatureVerificationFailed: signature verification failed
2026-08-01 08:12:51:     at flattenedVerify (file:///opt/erp/dist/boot.js:2781:11)
2026-08-01 08:12:51:     at async compactVerify (file:///opt/erp/dist/boot.js:2834:20)
2026-08-01 08:12:51:     at async jwtVerify (file:///opt/erp/dist/boot.js:3084:20)
2026-08-01 08:12:51:     at async verifySessionToken (file:///opt/erp/dist/boot.js:3322:25)
2026-08-01 08:12:51:     at async authenticateRequest (file:///opt/erp/dist/boot.js:136828:17)
2026-08-01 08:12:51:     at async Object.createContext (file:///opt/erp/dist/boot.js:136861:16)
2026-08-01 08:12:51:     at async Object.create (file:///opt/erp/dist/boot.js:100031:23)
2026-08-01 08:12:51:     at async resolveResponse (file:///opt/erp/dist/boot.js:100053:5)
2026-08-01 08:12:51:     at async fetchRequestHandler (file:///opt/erp/dist/boot.js:100369:10)
2026-08-01 08:12:51:     at async dispatch (file:///opt/erp/dist/boot.js:96466:17) {
2026-08-01 08:12:51:   code: 'ERR_JWS_SIGNATURE_VERIFICATION_FAILED'
2026-08-01 08:12:51: }
2026-08-01 08:13:50: [session] JWT verification failed: JWSSignatureVerificationFailed: signature verification failed
2026-08-01 08:13:50:     at flattenedVerify (file:///opt/erp/dist/boot.js:2781:11)
2026-08-01 08:13:50:     at async compactVerify (file:///opt/erp/dist/boot.js:2834:20)
2026-08-01 08:13:50:     at async jwtVerify (file:///opt/erp/dist/boot.js:3084:20)
2026-08-01 08:13:50:     at async verifySessionToken (file:///opt/erp/dist/boot.js:3322:25)
2026-08-01 08:13:50:     at async authenticateRequest (file:///opt/erp/dist/boot.js:136828:17)
2026-08-01 08:13:50:     at async Object.createContext (file:///opt/erp/dist/boot.js:136861:16)
2026-08-01 08:13:50:     at async Object.create (file:///opt/erp/dist/boot.js:100031:23)
2026-08-01 08:13:50:     at async resolveResponse (file:///opt/erp/dist/boot.js:100053:5)
2026-08-01 08:13:50:     at async fetchRequestHandler (file:///opt/erp/dist/boot.js:100369:10)
2026-08-01 08:13:50:     at async dispatch (file:///opt/erp/dist/boot.js:96466:17) {
2026-08-01 08:13:50:   code: 'ERR_JWS_SIGNATURE_VERIFICATION_FAILED'
2026-08-01 08:13:50: }
2026-08-01 08:14:34: [session] JWT verification failed: JWSSignatureVerificationFailed: signature verification failed
2026-08-01 08:14:34:     at flattenedVerify (file:///opt/erp/dist/boot.js:2781:11)
2026-08-01 08:14:34:     at async compactVerify (file:///opt/erp/dist/boot.js:2834:20)
2026-08-01 08:14:34:     at async jwtVerify (file:///opt/erp/dist/boot.js:3084:20)
2026-08-01 08:14:34:     at async verifySessionToken (file:///opt/erp/dist/boot.js:3322:25)
2026-08-01 08:14:34:     at async authenticateRequest (file:///opt/erp/dist/boot.js:136828:17)
2026-08-01 08:14:34:     at async Object.createContext (file:///opt/erp/dist/boot.js:136861:16)
2026-08-01 08:14:34:     at async Object.create (file:///opt/erp/dist/boot.js:100031:23)
2026-08-01 08:14:34:     at async resolveResponse (file:///opt/erp/dist/boot.js:100053:5)
2026-08-01 08:14:34:     at async fetchRequestHandler (file:///opt/erp/dist/boot.js:100369:10)
2026-08-01 08:14:34:     at async dispatch (file:///opt/erp/dist/boot.js:96466:17) {
2026-08-01 08:14:34:   code: 'ERR_JWS_SIGNATURE_VERIFICATION_FAILED'
2026-08-01 08:14:34: }
2026-08-01 08:14:35: [session] JWT verification failed: JWSSignatureVerificationFailed: signature verification failed
2026-08-01 08:14:35:     at flattenedVerify (file:///opt/erp/dist/boot.js:2781:11)
2026-08-01 08:14:35:     at async compactVerify (file:///opt/erp/dist/boot.js:2834:20)
2026-08-01 08:14:35:     at async jwtVerify (file:///opt/erp/dist/boot.js:3084:20)
2026-08-01 08:14:35:     at async verifySessionToken (file:///opt/erp/dist/boot.js:3322:25)
2026-08-01 08:14:35:     at async authenticateRequest (file:///opt/erp/dist/boot.js:136828:17)
2026-08-01 08:14:35:     at async Object.createContext (file:///opt/erp/dist/boot.js:136861:16)
2026-08-01 08:14:35:     at async Object.create (file:///opt/erp/dist/boot.js:100031:23)
2026-08-01 08:14:35:     at async resolveResponse (file:///opt/erp/dist/boot.js:100053:5)
2026-08-01 08:14:35:     at async fetchRequestHandler (file:///opt/erp/dist/boot.js:100369:10)
2026-08-01 08:14:35:     at async dispatch (file:///opt/erp/dist/boot.js:96466:17) {
2026-08-01 08:14:35:   code: 'ERR_JWS_SIGNATURE_VERIFICATION_FAILED'
2026-08-01 08:14:35: }
2026-08-01 08:14:44: [session] JWT verification failed: JWSSignatureVerificationFailed: signature verification failed
2026-08-01 08:14:44:     at flattenedVerify (file:///opt/erp/dist/boot.js:2781:11)
2026-08-01 08:14:44:     at async compactVerify (file:///opt/erp/dist/boot.js:2834:20)
2026-08-01 08:14:44:     at async jwtVerify (file:///opt/erp/dist/boot.js:3084:20)
2026-08-01 08:14:44:     at async verifySessionToken (file:///opt/erp/dist/boot.js:3322:25)
2026-08-01 08:14:44:     at async authenticateRequest (file:///opt/erp/dist/boot.js:136828:17)
2026-08-01 08:14:44:     at async Object.createContext (file:///opt/erp/dist/boot.js:136861:16)
2026-08-01 08:14:44:     at async Object.create (file:///opt/erp/dist/boot.js:100031:23)
2026-08-01 08:14:44:     at async resolveResponse (file:///opt/erp/dist/boot.js:100053:5)
2026-08-01 08:14:44:     at async fetchRequestHandler (file:///opt/erp/dist/boot.js:100369:10)
2026-08-01 08:14:44:     at async dispatch (file:///opt/erp/dist/boot.js:96466:17) {
2026-08-01 08:14:44:   code: 'ERR_JWS_SIGNATURE_VERIFICATION_FAILED'
2026-08-01 08:14:44: }
2026-08-01 08:14:45: [session] JWT verification failed: JWSSignatureVerificationFailed: signature verification failed
2026-08-01 08:14:45:     at flattenedVerify (file:///opt/erp/dist/boot.js:2781:11)
2026-08-01 08:14:45:     at async compactVerify (file:///opt/erp/dist/boot.js:2834:20)
2026-08-01 08:14:45:     at async jwtVerify (file:///opt/erp/dist/boot.js:3084:20)
2026-08-01 08:14:45:     at async verifySessionToken (file:///opt/erp/dist/boot.js:3322:25)
2026-08-01 08:14:45:     at async authenticateRequest (file:///opt/erp/dist/boot.js:136828:17)
2026-08-01 08:14:45:     at async Object.createContext (file:///opt/erp/dist/boot.js:136861:16)
2026-08-01 08:14:45:     at async Object.create (file:///opt/erp/dist/boot.js:100031:23)
2026-08-01 08:14:45:     at async resolveResponse (file:///opt/erp/dist/boot.js:100053:5)
2026-08-01 08:14:45:     at async fetchRequestHandler (file:///opt/erp/dist/boot.js:100369:10)
2026-08-01 08:14:45:     at async dispatch (file:///opt/erp/dist/boot.js:96466:17) {
2026-08-01 08:14:45:   code: 'ERR_JWS_SIGNATURE_VERIFICATION_FAILED'
2026-08-01 08:14:45: }
2026-08-01 08:15:48: [session] JWT verification failed: JWSSignatureVerificationFailed: signature verification failed
2026-08-01 08:15:48:     at flattenedVerify (file:///opt/erp/dist/boot.js:2781:11)
2026-08-01 08:15:48:     at async compactVerify (file:///opt/erp/dist/boot.js:2834:20)
2026-08-01 08:15:48:     at async jwtVerify (file:///opt/erp/dist/boot.js:3084:20)
2026-08-01 08:15:48:     at async verifySessionToken (file:///opt/erp/dist/boot.js:3322:25)
2026-08-01 08:15:48:     at async authenticateRequest (file:///opt/erp/dist/boot.js:136828:17)
2026-08-01 08:15:48:     at async Object.createContext (file:///opt/erp/dist/boot.js:136861:16)
2026-08-01 08:15:48:     at async Object.create (file:///opt/erp/dist/boot.js:100031:23)
2026-08-01 08:15:48:     at async resolveResponse (file:///opt/erp/dist/boot.js:100053:5)
2026-08-01 08:15:48:     at async fetchRequestHandler (file:///opt/erp/dist/boot.js:100369:10)
2026-08-01 08:15:48:     at async dispatch (file:///opt/erp/dist/boot.js:96466:17) {
2026-08-01 08:15:48:   code: 'ERR_JWS_SIGNATURE_VERIFICATION_FAILED'
2026-08-01 08:15:48: }
2026-08-01 08:16:45: [session] JWT verification failed: JWSSignatureVerificationFailed: signature verification failed
2026-08-01 08:16:45:     at flattenedVerify (file:///opt/erp/dist/boot.js:2781:11)
2026-08-01 08:16:45:     at async compactVerify (file:///opt/erp/dist/boot.js:2834:20)
2026-08-01 08:16:45:     at async jwtVerify (file:///opt/erp/dist/boot.js:3084:20)
2026-08-01 08:16:45:     at async verifySessionToken (file:///opt/erp/dist/boot.js:3322:25)
2026-08-01 08:16:45:     at async authenticateRequest (file:///opt/erp/dist/boot.js:136828:17)
2026-08-01 08:16:45:     at async Object.createContext (file:///opt/erp/dist/boot.js:136861:16)
2026-08-01 08:16:45:     at async Object.create (file:///opt/erp/dist/boot.js:100031:23)
2026-08-01 08:16:45:     at async resolveResponse (file:///opt/erp/dist/boot.js:100053:5)
2026-08-01 08:16:45:     at async fetchRequestHandler (file:///opt/erp/dist/boot.js:100369:10)
2026-08-01 08:16:45:     at async dispatch (file:///opt/erp/dist/boot.js:96466:17) {
2026-08-01 08:16:45:   code: 'ERR_JWS_SIGNATURE_VERIFICATION_FAILED'
2026-08-01 08:16:45: }
2026-08-01 08:17:45: [session] JWT verification failed: JWSSignatureVerificationFailed: signature verification failed
2026-08-01 08:17:45:     at flattenedVerify (file:///opt/erp/dist/boot.js:2781:11)
2026-08-01 08:17:45:     at async compactVerify (file:///opt/erp/dist/boot.js:2834:20)
2026-08-01 08:17:45:     at async jwtVerify (file:///opt/erp/dist/boot.js:3084:20)
2026-08-01 08:17:45:     at async verifySessionToken (file:///opt/erp/dist/boot.js:3322:25)
2026-08-01 08:17:45:     at async authenticateRequest (file:///opt/erp/dist/boot.js:136828:17)
2026-08-01 08:17:45:     at async Object.createContext (file:///opt/erp/dist/boot.js:136861:16)
2026-08-01 08:17:45:     at async Object.create (file:///opt/erp/dist/boot.js:100031:23)
2026-08-01 08:17:45:     at async resolveResponse (file:///opt/erp/dist/boot.js:100053:5)
2026-08-01 08:17:45:     at async fetchRequestHandler (file:///opt/erp/dist/boot.js:100369:10)
2026-08-01 08:17:45:     at async dispatch (file:///opt/erp/dist/boot.js:96466:17) {
2026-08-01 08:17:45:   code: 'ERR_JWS_SIGNATURE_VERIFICATION_FAILED'
2026-08-01 08:17:45: }
2026-08-01 08:18:46: [session] JWT verification failed: JWSSignatureVerificationFailed: signature verification failed
2026-08-01 08:18:46:     at flattenedVerify (file:///opt/erp/dist/boot.js:2781:11)
2026-08-01 08:18:46:     at async compactVerify (file:///opt/erp/dist/boot.js:2834:20)
2026-08-01 08:18:46:     at async jwtVerify (file:///opt/erp/dist/boot.js:3084:20)
2026-08-01 08:18:46:     at async verifySessionToken (file:///opt/erp/dist/boot.js:3322:25)
2026-08-01 08:18:46:     at async authenticateRequest (file:///opt/erp/dist/boot.js:136828:17)
2026-08-01 08:18:46:     at async Object.createContext (file:///opt/erp/dist/boot.js:136861:16)
2026-08-01 08:18:46:     at async Object.create (file:///opt/erp/dist/boot.js:100031:23)
2026-08-01 08:18:46:     at async resolveResponse (file:///opt/erp/dist/boot.js:100053:5)
2026-08-01 08:18:46:     at async fetchRequestHandler (file:///opt/erp/dist/boot.js:100369:10)
2026-08-01 08:18:46:     at async dispatch (file:///opt/erp/dist/boot.js:96466:17) {
2026-08-01 08:18:46:   code: 'ERR_JWS_SIGNATURE_VERIFICATION_FAILED'
2026-08-01 08:18:46: }
2026-08-01 08:19:45: [session] JWT verification failed: JWSSignatureVerificationFailed: signature verification failed
2026-08-01 08:19:45:     at flattenedVerify (file:///opt/erp/dist/boot.js:2781:11)
2026-08-01 08:19:45:     at async compactVerify (file:///opt/erp/dist/boot.js:2834:20)
2026-08-01 08:19:45:     at async jwtVerify (file:///opt/erp/dist/boot.js:3084:20)
2026-08-01 08:19:45:     at async verifySessionToken (file:///opt/erp/dist/boot.js:3322:25)
2026-08-01 08:19:45:     at async authenticateRequest (file:///opt/erp/dist/boot.js:136828:17)
2026-08-01 08:19:45:     at async Object.createContext (file:///opt/erp/dist/boot.js:136861:16)
2026-08-01 08:19:45:     at async Object.create (file:///opt/erp/dist/boot.js:100031:23)
2026-08-01 08:19:45:     at async resolveResponse (file:///opt/erp/dist/boot.js:100053:5)
2026-08-01 08:19:45:     at async fetchRequestHandler (file:///opt/erp/dist/boot.js:100369:10)
2026-08-01 08:19:45:     at async dispatch (file:///opt/erp/dist/boot.js:96466:17) {
2026-08-01 08:19:45:   code: 'ERR_JWS_SIGNATURE_VERIFICATION_FAILED'
2026-08-01 08:19:45: }
2026-08-01 08:20:48: [session] JWT verification failed: JWSSignatureVerificationFailed: signature verification failed
2026-08-01 08:20:48:     at flattenedVerify (file:///opt/erp/dist/boot.js:2781:11)
2026-08-01 08:20:48:     at async compactVerify (file:///opt/erp/dist/boot.js:2834:20)
2026-08-01 08:20:48:     at async jwtVerify (file:///opt/erp/dist/boot.js:3084:20)
2026-08-01 08:20:48:     at async verifySessionToken (file:///opt/erp/dist/boot.js:3322:25)
2026-08-01 08:20:48:     at async authenticateRequest (file:///opt/erp/dist/boot.js:136828:17)
2026-08-01 08:20:48:     at async Object.createContext (file:///opt/erp/dist/boot.js:136861:16)
2026-08-01 08:20:48:     at async Object.create (file:///opt/erp/dist/boot.js:100031:23)
2026-08-01 08:20:48:     at async resolveResponse (file:///opt/erp/dist/boot.js:100053:5)
2026-08-01 08:20:48:     at async fetchRequestHandler (file:///opt/erp/dist/boot.js:100369:10)
2026-08-01 08:20:48:     at async dispatch (file:///opt/erp/dist/boot.js:96466:17) {
2026-08-01 08:20:48:   code: 'ERR_JWS_SIGNATURE_VERIFICATION_FAILED'
2026-08-01 08:20:48: }
2026-08-01 08:22:23: [session] JWT verification failed: JWSSignatureVerificationFailed: signature verification failed
2026-08-01 08:22:23:     at flattenedVerify (file:///opt/erp/dist/boot.js:2781:11)
2026-08-01 08:22:23:     at async compactVerify (file:///opt/erp/dist/boot.js:2834:20)
2026-08-01 08:22:23:     at async jwtVerify (file:///opt/erp/dist/boot.js:3084:20)
2026-08-01 08:22:23:     at async verifySessionToken (file:///opt/erp/dist/boot.js:3322:25)
2026-08-01 08:22:23:     at async authenticateRequest (file:///opt/erp/dist/boot.js:136828:17)
2026-08-01 08:22:23:     at async Object.createContext (file:///opt/erp/dist/boot.js:136861:16)
2026-08-01 08:22:23:     at async Object.create (file:///opt/erp/dist/boot.js:100031:23)
2026-08-01 08:22:23:     at async resolveResponse (file:///opt/erp/dist/boot.js:100053:5)
2026-08-01 08:22:23:     at async fetchRequestHandler (file:///opt/erp/dist/boot.js:100369:10)
2026-08-01 08:22:23:     at async dispatch (file:///opt/erp/dist/boot.js:96466:17) {
2026-08-01 08:22:23:   code: 'ERR_JWS_SIGNATURE_VERIFICATION_FAILED'
2026-08-01 08:22:23: }
2026-08-01 08:23:21: [session] JWT verification failed: JWSSignatureVerificationFailed: signature verification failed
2026-08-01 08:23:21:     at flattenedVerify (file:///opt/erp/dist/boot.js:2781:11)
2026-08-01 08:23:21:     at async compactVerify (file:///opt/erp/dist/boot.js:2834:20)
2026-08-01 08:23:21:     at async jwtVerify (file:///opt/erp/dist/boot.js:3084:20)
2026-08-01 08:23:21:     at async verifySessionToken (file:///opt/erp/dist/boot.js:3322:25)
2026-08-01 08:23:21:     at async authenticateRequest (file:///opt/erp/dist/boot.js:136828:17)
2026-08-01 08:23:21:     at async Object.createContext (file:///opt/erp/dist/boot.js:136861:16)
2026-08-01 08:23:21:     at async Object.create (file:///opt/erp/dist/boot.js:100031:23)
2026-08-01 08:23:21:     at async resolveResponse (file:///opt/erp/dist/boot.js:100053:5)
2026-08-01 08:23:21:     at async fetchRequestHandler (file:///opt/erp/dist/boot.js:100369:10)
2026-08-01 08:23:21:     at async dispatch (file:///opt/erp/dist/boot.js:96466:17) {
2026-08-01 08:23:21:   code: 'ERR_JWS_SIGNATURE_VERIFICATION_FAILED'
2026-08-01 08:23:21: }
2026-08-01 08:24:22: [session] JWT verification failed: JWSSignatureVerificationFailed: signature verification failed
2026-08-01 08:24:22:     at flattenedVerify (file:///opt/erp/dist/boot.js:2781:11)
2026-08-01 08:24:22:     at async compactVerify (file:///opt/erp/dist/boot.js:2834:20)
2026-08-01 08:24:22:     at async jwtVerify (file:///opt/erp/dist/boot.js:3084:20)
2026-08-01 08:24:22:     at async verifySessionToken (file:///opt/erp/dist/boot.js:3322:25)
2026-08-01 08:24:22:     at async authenticateRequest (file:///opt/erp/dist/boot.js:136828:17)
2026-08-01 08:24:22:     at async Object.createContext (file:///opt/erp/dist/boot.js:136861:16)
2026-08-01 08:24:22:     at async Object.create (file:///opt/erp/dist/boot.js:100031:23)
2026-08-01 08:24:22:     at async resolveResponse (file:///opt/erp/dist/boot.js:100053:5)
2026-08-01 08:24:22:     at async fetchRequestHandler (file:///opt/erp/dist/boot.js:100369:10)
2026-08-01 08:24:22:     at async dispatch (file:///opt/erp/dist/boot.js:96466:17) {
2026-08-01 08:24:22:   code: 'ERR_JWS_SIGNATURE_VERIFICATION_FAILED'
2026-08-01 08:24:22: }
2026-08-01 08:25:21: [session] JWT verification failed: JWSSignatureVerificationFailed: signature verification failed
2026-08-01 08:25:21:     at flattenedVerify (file:///opt/erp/dist/boot.js:2781:11)
2026-08-01 08:25:21:     at async compactVerify (file:///opt/erp/dist/boot.js:2834:20)
2026-08-01 08:25:21:     at async jwtVerify (file:///opt/erp/dist/boot.js:3084:20)
2026-08-01 08:25:21:     at async verifySessionToken (file:///opt/erp/dist/boot.js:3322:25)
2026-08-01 08:25:21:     at async authenticateRequest (file:///opt/erp/dist/boot.js:136828:17)
2026-08-01 08:25:21:     at async Object.createContext (file:///opt/erp/dist/boot.js:136861:16)
2026-08-01 08:25:21:     at async Object.create (file:///opt/erp/dist/boot.js:100031:23)
2026-08-01 08:25:21:     at async resolveResponse (file:///opt/erp/dist/boot.js:100053:5)
2026-08-01 08:25:21:     at async fetchRequestHandler (file:///opt/erp/dist/boot.js:100369:10)
2026-08-01 08:25:21:     at async dispatch (file:///opt/erp/dist/boot.js:96466:17) {
2026-08-01 08:25:21:   code: 'ERR_JWS_SIGNATURE_VERIFICATION_FAILED'
2026-08-01 08:25:21: }
2026-08-01 08:26:21: [session] JWT verification failed: JWSSignatureVerificationFailed: signature verification failed
2026-08-01 08:26:21:     at flattenedVerify (file:///opt/erp/dist/boot.js:2781:11)
2026-08-01 08:26:21:     at async compactVerify (file:///opt/erp/dist/boot.js:2834:20)
2026-08-01 08:26:21:     at async jwtVerify (file:///opt/erp/dist/boot.js:3084:20)
2026-08-01 08:26:21:     at async verifySessionToken (file:///opt/erp/dist/boot.js:3322:25)
2026-08-01 08:26:21:     at async authenticateRequest (file:///opt/erp/dist/boot.js:136828:17)
2026-08-01 08:26:21:     at async Object.createContext (file:///opt/erp/dist/boot.js:136861:16)
2026-08-01 08:26:21:     at async Object.create (file:///opt/erp/dist/boot.js:100031:23)
2026-08-01 08:26:21:     at async resolveResponse (file:///opt/erp/dist/boot.js:100053:5)
2026-08-01 08:26:21:     at async fetchRequestHandler (file:///opt/erp/dist/boot.js:100369:10)
2026-08-01 08:26:21:     at async dispatch (file:///opt/erp/dist/boot.js:96466:17) {
2026-08-01 08:26:21:   code: 'ERR_JWS_SIGNATURE_VERIFICATION_FAILED'
2026-08-01 08:26:21: }
2026-08-01 08:27:22: [session] JWT verification failed: JWSSignatureVerificationFailed: signature verification failed
2026-08-01 08:27:22:     at flattenedVerify (file:///opt/erp/dist/boot.js:2781:11)
2026-08-01 08:27:22:     at async compactVerify (file:///opt/erp/dist/boot.js:2834:20)
2026-08-01 08:27:22:     at async jwtVerify (file:///opt/erp/dist/boot.js:3084:20)
2026-08-01 08:27:22:     at async verifySessionToken (file:///opt/erp/dist/boot.js:3322:25)
2026-08-01 08:27:22:     at async authenticateRequest (file:///opt/erp/dist/boot.js:136828:17)
2026-08-01 08:27:22:     at async Object.createContext (file:///opt/erp/dist/boot.js:136861:16)
2026-08-01 08:27:22:     at async Object.create (file:///opt/erp/dist/boot.js:100031:23)
2026-08-01 08:27:22:     at async resolveResponse (file:///opt/erp/dist/boot.js:100053:5)
2026-08-01 08:27:22:     at async fetchRequestHandler (file:///opt/erp/dist/boot.js:100369:10)
2026-08-01 08:27:22:     at async dispatch (file:///opt/erp/dist/boot.js:96466:17) {
2026-08-01 08:27:22:   code: 'ERR_JWS_SIGNATURE_VERIFICATION_FAILED'
2026-08-01 08:27:22: }
2026-08-01 08:27:27: [session] JWT verification failed: JWSSignatureVerificationFailed: signature verification failed
2026-08-01 08:27:27:     at flattenedVerify (file:///opt/erp/dist/boot.js:2781:11)
2026-08-01 08:27:27:     at async compactVerify (file:///opt/erp/dist/boot.js:2834:20)
2026-08-01 08:27:27:     at async jwtVerify (file:///opt/erp/dist/boot.js:3084:20)
2026-08-01 08:27:27:     at async verifySessionToken (file:///opt/erp/dist/boot.js:3322:25)
2026-08-01 08:27:27:     at async authenticateRequest (file:///opt/erp/dist/boot.js:136828:17)
2026-08-01 08:27:27:     at async Object.createContext (file:///opt/erp/dist/boot.js:136861:16)
2026-08-01 08:27:27:     at async Object.create (file:///opt/erp/dist/boot.js:100031:23)
2026-08-01 08:27:27:     at async resolveResponse (file:///opt/erp/dist/boot.js:100053:5)
2026-08-01 08:27:27:     at async fetchRequestHandler (file:///opt/erp/dist/boot.js:100369:10)
2026-08-01 08:27:27:     at async dispatch (file:///opt/erp/dist/boot.js:96466:17) {
2026-08-01 08:27:27:   code: 'ERR_JWS_SIGNATURE_VERIFICATION_FAILED'
2026-08-01 08:27:27: }
2026-08-01 08:27:31: [session] JWT verification failed: JWSSignatureVerificationFailed: signature verification failed
2026-08-01 08:27:31:     at flattenedVerify (file:///opt/erp/dist/boot.js:2781:11)
2026-08-01 08:27:31:     at async compactVerify (file:///opt/erp/dist/boot.js:2834:20)
2026-08-01 08:27:31:     at async jwtVerify (file:///opt/erp/dist/boot.js:3084:20)
2026-08-01 08:27:31:     at async verifySessionToken (file:///opt/erp/dist/boot.js:3322:25)
2026-08-01 08:27:31:     at async authenticateRequest (file:///opt/erp/dist/boot.js:136828:17)
2026-08-01 08:27:31:     at async Object.createContext (file:///opt/erp/dist/boot.js:136861:16)
2026-08-01 08:27:31:     at async Object.create (file:///opt/erp/dist/boot.js:100031:23)
2026-08-01 08:27:31:     at async resolveResponse (file:///opt/erp/dist/boot.js:100053:5)
2026-08-01 08:27:31:     at async fetchRequestHandler (file:///opt/erp/dist/boot.js:100369:10)
2026-08-01 08:27:31:     at async dispatch (file:///opt/erp/dist/boot.js:96466:17) {
2026-08-01 08:27:31:   code: 'ERR_JWS_SIGNATURE_VERIFICATION_FAILED'
2026-08-01 08:27:31: }
2026-08-01 08:27:31: [session] JWT verification failed: JWSSignatureVerificationFailed: signature verification failed
2026-08-01 08:27:31:     at flattenedVerify (file:///opt/erp/dist/boot.js:2781:11)
2026-08-01 08:27:31:     at async compactVerify (file:///opt/erp/dist/boot.js:2834:20)
2026-08-01 08:27:31:     at async jwtVerify (file:///opt/erp/dist/boot.js:3084:20)
2026-08-01 08:27:31:     at async verifySessionToken (file:///opt/erp/dist/boot.js:3322:25)
2026-08-01 08:27:31:     at async authenticateRequest (file:///opt/erp/dist/boot.js:136828:17)
2026-08-01 08:27:31:     at async Object.createContext (file:///opt/erp/dist/boot.js:136861:16)
2026-08-01 08:27:31:     at async Object.create (file:///opt/erp/dist/boot.js:100031:23)
2026-08-01 08:27:31:     at async resolveResponse (file:///opt/erp/dist/boot.js:100053:5)
2026-08-01 08:27:31:     at async fetchRequestHandler (file:///opt/erp/dist/boot.js:100369:10)
2026-08-01 08:27:31:     at async dispatch (file:///opt/erp/dist/boot.js:96466:17) {
2026-08-01 08:27:31:   code: 'ERR_JWS_SIGNATURE_VERIFICATION_FAILED'
2026-08-01 08:27:31: }
2026-08-01 08:28:31: [session] JWT verification failed: JWSSignatureVerificationFailed: signature verification failed
2026-08-01 08:28:31:     at flattenedVerify (file:///opt/erp/dist/boot.js:2781:11)
2026-08-01 08:28:31:     at async compactVerify (file:///opt/erp/dist/boot.js:2834:20)
2026-08-01 08:28:31:     at async jwtVerify (file:///opt/erp/dist/boot.js:3084:20)
2026-08-01 08:28:31:     at async verifySessionToken (file:///opt/erp/dist/boot.js:3322:25)
2026-08-01 08:28:31:     at async authenticateRequest (file:///opt/erp/dist/boot.js:136828:17)
2026-08-01 08:28:31:     at async Object.createContext (file:///opt/erp/dist/boot.js:136861:16)
2026-08-01 08:28:31:     at async Object.create (file:///opt/erp/dist/boot.js:100031:23)
2026-08-01 08:28:31:     at async resolveResponse (file:///opt/erp/dist/boot.js:100053:5)
2026-08-01 08:28:31:     at async fetchRequestHandler (file:///opt/erp/dist/boot.js:100369:10)
2026-08-01 08:28:31:     at async dispatch (file:///opt/erp/dist/boot.js:96466:17) {
2026-08-01 08:28:31:   code: 'ERR_JWS_SIGNATURE_VERIFICATION_FAILED'
2026-08-01 08:28:31: }
2026-08-01 08:29:31: [session] JWT verification failed: JWSSignatureVerificationFailed: signature verification failed
2026-08-01 08:29:31:     at flattenedVerify (file:///opt/erp/dist/boot.js:2781:11)
2026-08-01 08:29:31:     at async compactVerify (file:///opt/erp/dist/boot.js:2834:20)
2026-08-01 08:29:31:     at async jwtVerify (file:///opt/erp/dist/boot.js:3084:20)
2026-08-01 08:29:31:     at async verifySessionToken (file:///opt/erp/dist/boot.js:3322:25)
2026-08-01 08:29:31:     at async authenticateRequest (file:///opt/erp/dist/boot.js:136828:17)
2026-08-01 08:29:31:     at async Object.createContext (file:///opt/erp/dist/boot.js:136861:16)
2026-08-01 08:29:31:     at async Object.create (file:///opt/erp/dist/boot.js:100031:23)
2026-08-01 08:29:31:     at async resolveResponse (file:///opt/erp/dist/boot.js:100053:5)
2026-08-01 08:29:31:     at async fetchRequestHandler (file:///opt/erp/dist/boot.js:100369:10)
2026-08-01 08:29:31:     at async dispatch (file:///opt/erp/dist/boot.js:96466:17) {
2026-08-01 08:29:31:   code: 'ERR_JWS_SIGNATURE_VERIFICATION_FAILED'
2026-08-01 08:29:31: }
2026-08-01 08:30:31: [session] JWT verification failed: JWSSignatureVerificationFailed: signature verification failed
2026-08-01 08:30:31:     at flattenedVerify (file:///opt/erp/dist/boot.js:2781:11)
2026-08-01 08:30:31:     at async compactVerify (file:///opt/erp/dist/boot.js:2834:20)
2026-08-01 08:30:31:     at async jwtVerify (file:///opt/erp/dist/boot.js:3084:20)
2026-08-01 08:30:31:     at async verifySessionToken (file:///opt/erp/dist/boot.js:3322:25)
2026-08-01 08:30:31:     at async authenticateRequest (file:///opt/erp/dist/boot.js:136828:17)
2026-08-01 08:30:31:     at async Object.createContext (file:///opt/erp/dist/boot.js:136861:16)
2026-08-01 08:30:31:     at async Object.create (file:///opt/erp/dist/boot.js:100031:23)
2026-08-01 08:30:31:     at async resolveResponse (file:///opt/erp/dist/boot.js:100053:5)
2026-08-01 08:30:31:     at async fetchRequestHandler (file:///opt/erp/dist/boot.js:100369:10)
2026-08-01 08:30:31:     at async dispatch (file:///opt/erp/dist/boot.js:96466:17) {
2026-08-01 08:30:31:   code: 'ERR_JWS_SIGNATURE_VERIFICATION_FAILED'
2026-08-01 08:30:31: }
2026-08-01 08:31:34: [session] JWT verification failed: JWSSignatureVerificationFailed: signature verification failed
2026-08-01 08:31:34:     at flattenedVerify (file:///opt/erp/dist/boot.js:2781:11)
2026-08-01 08:31:34:     at async compactVerify (file:///opt/erp/dist/boot.js:2834:20)
2026-08-01 08:31:34:     at async jwtVerify (file:///opt/erp/dist/boot.js:3084:20)
2026-08-01 08:31:34:     at async verifySessionToken (file:///opt/erp/dist/boot.js:3322:25)
2026-08-01 08:31:34:     at async authenticateRequest (file:///opt/erp/dist/boot.js:136828:17)
2026-08-01 08:31:34:     at async Object.createContext (file:///opt/erp/dist/boot.js:136861:16)
2026-08-01 08:31:34:     at async Object.create (file:///opt/erp/dist/boot.js:100031:23)
2026-08-01 08:31:34:     at async resolveResponse (file:///opt/erp/dist/boot.js:100053:5)
2026-08-01 08:31:34:     at async fetchRequestHandler (file:///opt/erp/dist/boot.js:100369:10)
2026-08-01 08:31:34:     at async dispatch (file:///opt/erp/dist/boot.js:96466:17) {
2026-08-01 08:31:34:   code: 'ERR_JWS_SIGNATURE_VERIFICATION_FAILED'
2026-08-01 08:31:34: }
2026-08-01 08:32:31: [session] JWT verification failed: JWSSignatureVerificationFailed: signature verification failed
2026-08-01 08:32:31:     at flattenedVerify (file:///opt/erp/dist/boot.js:2781:11)
2026-08-01 08:32:31:     at async compactVerify (file:///opt/erp/dist/boot.js:2834:20)
2026-08-01 08:32:31:     at async jwtVerify (file:///opt/erp/dist/boot.js:3084:20)
2026-08-01 08:32:31:     at async verifySessionToken (file:///opt/erp/dist/boot.js:3322:25)
2026-08-01 08:32:31:     at async authenticateRequest (file:///opt/erp/dist/boot.js:136828:17)
2026-08-01 08:32:31:     at async Object.createContext (file:///opt/erp/dist/boot.js:136861:16)
2026-08-01 08:32:31:     at async Object.create (file:///opt/erp/dist/boot.js:100031:23)
2026-08-01 08:32:31:     at async resolveResponse (file:///opt/erp/dist/boot.js:100053:5)
2026-08-01 08:32:31:     at async fetchRequestHandler (file:///opt/erp/dist/boot.js:100369:10)
2026-08-01 08:32:31:     at async dispatch (file:///opt/erp/dist/boot.js:96466:17) {
2026-08-01 08:32:31:   code: 'ERR_JWS_SIGNATURE_VERIFICATION_FAILED'
2026-08-01 08:32:31: }
2026-08-01 08:33:32: [session] JWT verification failed: JWSSignatureVerificationFailed: signature verification failed
2026-08-01 08:33:32:     at flattenedVerify (file:///opt/erp/dist/boot.js:2781:11)
2026-08-01 08:33:32:     at async compactVerify (file:///opt/erp/dist/boot.js:2834:20)
2026-08-01 08:33:32:     at async jwtVerify (file:///opt/erp/dist/boot.js:3084:20)
2026-08-01 08:33:32:     at async verifySessionToken (file:///opt/erp/dist/boot.js:3322:25)
2026-08-01 08:33:32:     at async authenticateRequest (file:///opt/erp/dist/boot.js:136828:17)
2026-08-01 08:33:32:     at async Object.createContext (file:///opt/erp/dist/boot.js:136861:16)
2026-08-01 08:33:32:     at async Object.create (file:///opt/erp/dist/boot.js:100031:23)
2026-08-01 08:33:32:     at async resolveResponse (file:///opt/erp/dist/boot.js:100053:5)
2026-08-01 08:33:32:     at async fetchRequestHandler (file:///opt/erp/dist/boot.js:100369:10)
2026-08-01 08:33:32:     at async dispatch (file:///opt/erp/dist/boot.js:96466:17) {
2026-08-01 08:33:32:   code: 'ERR_JWS_SIGNATURE_VERIFICATION_FAILED'
2026-08-01 08:33:32: }
2026-08-01 08:35:20: [session] JWT verification failed: JWSSignatureVerificationFailed: signature verification failed
2026-08-01 08:35:20:     at flattenedVerify (file:///opt/erp/dist/boot.js:2781:11)
2026-08-01 08:35:20:     at async compactVerify (file:///opt/erp/dist/boot.js:2834:20)
2026-08-01 08:35:20:     at async jwtVerify (file:///opt/erp/dist/boot.js:3084:20)
2026-08-01 08:35:20:     at async verifySessionToken (file:///opt/erp/dist/boot.js:3322:25)
2026-08-01 08:35:20:     at async authenticateRequest (file:///opt/erp/dist/boot.js:136828:17)
2026-08-01 08:35:20:     at async Object.createContext (file:///opt/erp/dist/boot.js:136861:16)
2026-08-01 08:35:20:     at async Object.create (file:///opt/erp/dist/boot.js:100031:23)
2026-08-01 08:35:20:     at async resolveResponse (file:///opt/erp/dist/boot.js:100053:5)
2026-08-01 08:35:20:     at async fetchRequestHandler (file:///opt/erp/dist/boot.js:100369:10)
2026-08-01 08:35:20:     at async dispatch (file:///opt/erp/dist/boot.js:96466:17) {
2026-08-01 08:35:20:   code: 'ERR_JWS_SIGNATURE_VERIFICATION_FAILED'
2026-08-01 08:35:20: }
2026-08-01 08:36:24: [session] JWT verification failed: JWSSignatureVerificationFailed: signature verification failed
2026-08-01 08:36:24:     at flattenedVerify (file:///opt/erp/dist/boot.js:2781:11)
2026-08-01 08:36:24:     at async compactVerify (file:///opt/erp/dist/boot.js:2834:20)
2026-08-01 08:36:24:     at async jwtVerify (file:///opt/erp/dist/boot.js:3084:20)
2026-08-01 08:36:24:     at async verifySessionToken (file:///opt/erp/dist/boot.js:3322:25)
2026-08-01 08:36:24:     at async authenticateRequest (file:///opt/erp/dist/boot.js:136828:17)
2026-08-01 08:36:24:     at async Object.createContext (file:///opt/erp/dist/boot.js:136861:16)
2026-08-01 08:36:24:     at async Object.create (file:///opt/erp/dist/boot.js:100031:23)
2026-08-01 08:36:24:     at async resolveResponse (file:///opt/erp/dist/boot.js:100053:5)
2026-08-01 08:36:24:     at async fetchRequestHandler (file:///opt/erp/dist/boot.js:100369:10)
2026-08-01 08:36:24:     at async dispatch (file:///opt/erp/dist/boot.js:96466:17) {
2026-08-01 08:36:24:   code: 'ERR_JWS_SIGNATURE_VERIFICATION_FAILED'
2026-08-01 08:36:24: }
2026-08-01 08:37:20: [session] JWT verification failed: JWSSignatureVerificationFailed: signature verification failed
2026-08-01 08:37:20:     at flattenedVerify (file:///opt/erp/dist/boot.js:2781:11)
2026-08-01 08:37:20:     at async compactVerify (file:///opt/erp/dist/boot.js:2834:20)
2026-08-01 08:37:20:     at async jwtVerify (file:///opt/erp/dist/boot.js:3084:20)
2026-08-01 08:37:20:     at async verifySessionToken (file:///opt/erp/dist/boot.js:3322:25)
2026-08-01 08:37:20:     at async authenticateRequest (file:///opt/erp/dist/boot.js:136828:17)
2026-08-01 08:37:20:     at async Object.createContext (file:///opt/erp/dist/boot.js:136861:16)
2026-08-01 08:37:20:     at async Object.create (file:///opt/erp/dist/boot.js:100031:23)
2026-08-01 08:37:20:     at async resolveResponse (file:///opt/erp/dist/boot.js:100053:5)
2026-08-01 08:37:20:     at async fetchRequestHandler (file:///opt/erp/dist/boot.js:100369:10)
2026-08-01 08:37:20:     at async dispatch (file:///opt/erp/dist/boot.js:96466:17) {
2026-08-01 08:37:20:   code: 'ERR_JWS_SIGNATURE_VERIFICATION_FAILED'
2026-08-01 08:37:20: }
2026-08-01 08:38:22: [session] JWT verification failed: JWSSignatureVerificationFailed: signature verification failed
2026-08-01 08:38:22:     at flattenedVerify (file:///opt/erp/dist/boot.js:2781:11)
2026-08-01 08:38:22:     at async compactVerify (file:///opt/erp/dist/boot.js:2834:20)
2026-08-01 08:38:22:     at async jwtVerify (file:///opt/erp/dist/boot.js:3084:20)
2026-08-01 08:38:22:     at async verifySessionToken (file:///opt/erp/dist/boot.js:3322:25)
2026-08-01 08:38:22:     at async authenticateRequest (file:///opt/erp/dist/boot.js:136828:17)
2026-08-01 08:38:22:     at async Object.createContext (file:///opt/erp/dist/boot.js:136861:16)
2026-08-01 08:38:22:     at async Object.create (file:///opt/erp/dist/boot.js:100031:23)
2026-08-01 08:38:22:     at async resolveResponse (file:///opt/erp/dist/boot.js:100053:5)
2026-08-01 08:38:22:     at async fetchRequestHandler (file:///opt/erp/dist/boot.js:100369:10)
2026-08-01 08:38:22:     at async dispatch (file:///opt/erp/dist/boot.js:96466:17) {
2026-08-01 08:38:22:   code: 'ERR_JWS_SIGNATURE_VERIFICATION_FAILED'
2026-08-01 08:38:22: }
2026-08-01 08:39:20: [session] JWT verification failed: JWSSignatureVerificationFailed: signature verification failed
2026-08-01 08:39:20:     at flattenedVerify (file:///opt/erp/dist/boot.js:2781:11)
2026-08-01 08:39:20:     at async compactVerify (file:///opt/erp/dist/boot.js:2834:20)
2026-08-01 08:39:20:     at async jwtVerify (file:///opt/erp/dist/boot.js:3084:20)
2026-08-01 08:39:20:     at async verifySessionToken (file:///opt/erp/dist/boot.js:3322:25)
2026-08-01 08:39:20:     at async authenticateRequest (file:///opt/erp/dist/boot.js:136828:17)
2026-08-01 08:39:20:     at async Object.createContext (file:///opt/erp/dist/boot.js:136861:16)
2026-08-01 08:39:20:     at async Object.create (file:///opt/erp/dist/boot.js:100031:23)
2026-08-01 08:39:20:     at async resolveResponse (file:///opt/erp/dist/boot.js:100053:5)
2026-08-01 08:39:20:     at async fetchRequestHandler (file:///opt/erp/dist/boot.js:100369:10)
2026-08-01 08:39:20:     at async dispatch (file:///opt/erp/dist/boot.js:96466:17) {
2026-08-01 08:39:20:   code: 'ERR_JWS_SIGNATURE_VERIFICATION_FAILED'
2026-08-01 08:39:20: }
2026-08-01 08:40:20: [session] JWT verification failed: JWSSignatureVerificationFailed: signature verification failed
2026-08-01 08:40:20:     at flattenedVerify (file:///opt/erp/dist/boot.js:2781:11)
2026-08-01 08:40:20:     at async compactVerify (file:///opt/erp/dist/boot.js:2834:20)
2026-08-01 08:40:20:     at async jwtVerify (file:///opt/erp/dist/boot.js:3084:20)
2026-08-01 08:40:20:     at async verifySessionToken (file:///opt/erp/dist/boot.js:3322:25)
2026-08-01 08:40:20:     at async authenticateRequest (file:///opt/erp/dist/boot.js:136828:17)
2026-08-01 08:40:20:     at async Object.createContext (file:///opt/erp/dist/boot.js:136861:16)
2026-08-01 08:40:20:     at async Object.create (file:///opt/erp/dist/boot.js:100031:23)
2026-08-01 08:40:20:     at async resolveResponse (file:///opt/erp/dist/boot.js:100053:5)
2026-08-01 08:40:20:     at async fetchRequestHandler (file:///opt/erp/dist/boot.js:100369:10)
2026-08-01 08:40:20:     at async dispatch (file:///opt/erp/dist/boot.js:96466:17) {
2026-08-01 08:40:20:   code: 'ERR_JWS_SIGNATURE_VERIFICATION_FAILED'
2026-08-01 08:40:20: }
2026-08-01 08:41:00: [session] JWT verification failed: JWSSignatureVerificationFailed: signature verification failed
2026-08-01 08:41:00:     at flattenedVerify (file:///opt/erp/dist/boot.js:2781:11)
2026-08-01 08:41:00:     at async compactVerify (file:///opt/erp/dist/boot.js:2834:20)
2026-08-01 08:41:00:     at async jwtVerify (file:///opt/erp/dist/boot.js:3084:20)
2026-08-01 08:41:00:     at async verifySessionToken (file:///opt/erp/dist/boot.js:3322:25)
2026-08-01 08:41:00:     at async authenticateRequest (file:///opt/erp/dist/boot.js:136828:17)
2026-08-01 08:41:00:     at async Object.createContext (file:///opt/erp/dist/boot.js:136861:16)
2026-08-01 08:41:00:     at async Object.create (file:///opt/erp/dist/boot.js:100031:23)
2026-08-01 08:41:00:     at async resolveResponse (file:///opt/erp/dist/boot.js:100053:5)
2026-08-01 08:41:00:     at async fetchRequestHandler (file:///opt/erp/dist/boot.js:100369:10)
2026-08-01 08:41:00:     at async dispatch (file:///opt/erp/dist/boot.js:96466:17) {
2026-08-01 08:41:00:   code: 'ERR_JWS_SIGNATURE_VERIFICATION_FAILED'
2026-08-01 08:41:00: }
2026-08-01 08:41:33: [session] JWT verification failed: JWSSignatureVerificationFailed: signature verification failed
2026-08-01 08:41:33:     at flattenedVerify (file:///opt/erp/dist/boot.js:2781:11)
2026-08-01 08:41:33:     at async compactVerify (file:///opt/erp/dist/boot.js:2834:20)
2026-08-01 08:41:33:     at async jwtVerify (file:///opt/erp/dist/boot.js:3084:20)
2026-08-01 08:41:33:     at async verifySessionToken (file:///opt/erp/dist/boot.js:3322:25)
2026-08-01 08:41:33:     at async authenticateRequest (file:///opt/erp/dist/boot.js:136828:17)
2026-08-01 08:41:33:     at async Object.createContext (file:///opt/erp/dist/boot.js:136861:16)
2026-08-01 08:41:33:     at async Object.create (file:///opt/erp/dist/boot.js:100031:23)
2026-08-01 08:41:33:     at async resolveResponse (file:///opt/erp/dist/boot.js:100053:5)
2026-08-01 08:41:33:     at async fetchRequestHandler (file:///opt/erp/dist/boot.js:100369:10)
2026-08-01 08:41:33:     at async dispatch (file:///opt/erp/dist/boot.js:96466:17) {
2026-08-01 08:41:33:   code: 'ERR_JWS_SIGNATURE_VERIFICATION_FAILED'
2026-08-01 08:41:33: }
2026-08-02 02:02:41: [auth] No session cookie found in request.
2026-08-02 02:02:41: [auth] No session cookie found in request.
2026-08-03 09:19:40: [auth] No session cookie found in request.
2026-08-03 09:19:41: [auth] No session cookie found in request.
2026-08-03 11:00:52: [auth] No session cookie found in request.
2026-08-03 11:00:52: [auth] No session cookie found in request.
2026-08-03 11:00:53: [auth] No session cookie found in request.
2026-08-03 11:00:53: [auth] No session cookie found in request.
2026-08-03 11:00:55: [auth] No session cookie found in request.
2026-08-03 11:00:57: [auth] No session cookie found in request.
2026-08-03 11:44:51: [auth] No session cookie found in request.
2026-08-03 11:44:57: [auth] No session cookie found in request.
2026-08-03 17:09:38: [auth] No session cookie found in request.
2026-08-03 17:09:38: [auth] No session cookie found in request.
2026-08-03 17:09:39: [auth] No session cookie found in request.
2026-08-03 17:09:39: [auth] No session cookie found in request.
2026-08-03 18:16:57: [auth] No session cookie found in request.
2026-08-03 18:16:57: [auth] No session cookie found in request.
2026-08-03 21:58:39: [auth] No session cookie found in request.
2026-08-03 21:58:39: [auth] No session cookie found in request.
2026-08-05 04:43:07: [auth] No session cookie found in request.
2026-08-05 04:43:08: [auth] No session cookie found in request.
2026-08-05 04:43:08: [auth] No session cookie found in request.
2026-08-05 04:43:09: [auth] No session cookie found in request.
2026-08-05 15:43:43: [auth] No session cookie found in request.
2026-08-05 15:43:43: [auth] No session cookie found in request.
2026-08-05 15:43:44: [auth] No session cookie found in request.
2026-08-05 15:43:44: [auth] No session cookie found in request.
2026-08-05 16:24:44: [auth] No session cookie found in request.
2026-08-05 16:24:45: [auth] No session cookie found in request.
2026-08-06 23:28:44: [auth] No session cookie found in request.
2026-08-06 23:28:45: [auth] No session cookie found in request.
2026-08-07 01:28:02: [auth] No session cookie found in request.
2026-08-07 01:28:03: [auth] No session cookie found in request.
2026-08-07 05:55:26: [auth] No session cookie found in request.
2026-08-07 05:55:26: [auth] No session cookie found in request.
2026-08-08 13:44:30: [auth] No session cookie found in request.
2026-08-08 13:44:30: [auth] No session cookie found in request.
